DATAFLOW,LAST UPDATE,freq,unit,indic_il,sex,age,geo,TIME_PERIOD,OBS_VALUE,OBS_FLAG
ESTAT:ILC_LI02(1.0),06/12/24 23:00:00,Annual,Percentage,At risk of poverty rate (cut-off point: 60% of median equivalised income after social transfers),Total,Total,Albania,2017,23.7,
ESTAT:ILC_LI02(1.0),06/12/24 23:00:00,Annual,Percentage,At risk of poverty rate (cut-off point: 60% of median equivalised income after social transfers),Total,Total,Albania,2018,23.4,
ESTAT:ILC_LI02(1.0),06/12/24 23:00:00,Annual,Percentage,At risk of poverty rate (cut-off point: 60% of median equivalised income after social transfers),Total,Total,Albania,2019,23.0,
ESTAT:ILC_LI02(1.0),06/12/24 23:00:00,Annual,Percentage,At risk of poverty rate (cut-off point: 60% of median equivalised income after social transfers),Total,Total,Albania,2020,21.8,
ESTAT:ILC_LI02(1.0),06/12/24 23:00:00,Annual,Percentage,At risk of poverty rate (cut-off point: 60% of median equivalised income after social transfers),Total,Total,Albania,2021,22.0,
ESTAT:ILC_LI02(1.0),06/12/24 23:00:00,Annual,Percentage,At risk of poverty rate (cut-off point: 60% of median equivalised income after social transfers),Total,Total,Austria,2014,14.1,
ESTAT:ILC_LI02(1.0),06/12/24 23:00:00,Annual,Percentage,At risk of poverty rate (cut-off point: 60% of median equivalised income after social transfers),Total,Total,Austria,2015,13.9,
ESTAT:ILC_LI02(1.0),06/12/24 23:00:00,Annual,Percentage,At risk of poverty rate (cut-off point: 60% of median equivalised income after social transfers),Total,Total,Austria,2016,14.1,
ESTAT:ILC_LI02(1.0),06/12/24 23:00:00,Annual,Percentage,At risk of poverty rate (cut-off point: 60% of median equivalised income after social transfers),Total,Total,Austria,2017,14.4,
ESTAT:ILC_LI02(1.0),06/12/24 23:00:00,Annual,Percentage,At risk of poverty rate (cut-off point: 60% of median equivalised income after social transfers),Total,Total,Austria,2018,14.3,
ESTAT:ILC_LI02(1.0),06/12/24 23:00:00,Annual,Percentage,At risk of poverty rate (cut-off point: 60% of median equivalised income after social transfers),Total,Total,Austria,2019,13.3,
ESTAT:ILC_LI02(1.0),06/12/24 23:00:00,Annual,Percentage,At risk of poverty rate (cut-off point: 60% of median equivalised income after social transfers),Total,Total,Austria,2020,13.9,
ESTAT:ILC_LI02(1.0),06/12/24 23:00:00,Annual,Percentage,At risk of poverty rate (cut-off point: 60% of median equivalised income after social transfers),Total,Total,Austria,2021,14.7,
ESTAT:ILC_LI02(1.0),06/12/24 23:00:00,Annual,Percentage,At risk of poverty rate (cut-off point: 60% of median equivalised income after social transfers),Total,Total,Austria,2022,14.8,
ESTAT:ILC_LI02(1.0),06/12/24 23:00:00,Annual,Percentage,At risk of poverty rate (cut-off point: 60% of median equivalised income after social transfers),Total,Total,Belgium,2014,15.5,
ESTAT:ILC_LI02(1.0),06/12/24 23:00:00,Annual,Percentage,At risk of poverty rate (cut-off point: 60% of median equivalised income after social transfers),Total,Total,Belgium,2015,14.9,
ESTAT:ILC_LI02(1.0),06/12/24 23:00:00,Annual,Percentage,At risk of poverty rate (cut-off point: 60% of median equivalised income after social transfers),Total,Total,Belgium,2016,15.5,
ESTAT:ILC_LI02(1.0),06/12/24 23:00:00,Annual,Percentage,At risk of poverty rate (cut-off point: 60% of median equivalised income after social transfers),Total,Total,Belgium,2017,15.9,
ESTAT:ILC_LI02(1.0),06/12/24 23:00:00,Annual,Percentage,At risk of poverty rate (cut-off point: 60% of median equivalised income after social transfers),Total,Total,Belgium,2018,16.4,
ESTAT:ILC_LI02(1.0),06/12/24 23:00:00,Annual,Percentage,At risk of poverty rate (cut-off point: 60% of median equivalised income after social transfers),Total,Total,Belgium,2019,14.8,b
ESTAT:ILC_LI02(1.0),06/12/24 23:00:00,Annual,Percentage,At risk of poverty rate (cut-off point: 60% of median equivalised income after social transfers),Total,Total,Belgium,2020,14.1,
ESTAT:ILC_LI02(1.0),06/12/24 23:00:00,Annual,Percentage,At risk of poverty rate (cut-off point: 60% of median equivalised income after social transfers),Total,Total,Belgium,2021,12.7,
ESTAT:ILC_LI02(1.0),06/12/24 23:00:00,Annual,Percentage,At risk of poverty rate (cut-off point: 60% of median equivalised income after social transfers),Total,Total,Belgium,2022,13.2,
ESTAT:ILC_LI02(1.0),06/12/24 23:00:00,Annual,Percentage,At risk of poverty rate (cut-off point: 60% of median equivalised income after social transfers),Total,Total,Bulgaria,2014,21.8,
ESTAT:ILC_LI02(1.0),06/12/24 23:00:00,Annual,Percentage,At risk of poverty rate (cut-off point: 60% of median equivalised income after social transfers),Total,Total,Bulgaria,2015,22.0,
ESTAT:ILC_LI02(1.0),06/12/24 23:00:00,Annual,Percentage,At risk of poverty rate (cut-off point: 60% of median equivalised income after social transfers),Total,Total,Bulgaria,2016,22.9,b
ESTAT:ILC_LI02(1.0),06/12/24 23:00:00,Annual,Percentage,At risk of poverty rate (cut-off point: 60% of median equivalised income after social transfers),Total,Total,Bulgaria,2017,23.4,
ESTAT:ILC_LI02(1.0),06/12/24 23:00:00,Annual,Percentage,At risk of poverty rate (cut-off point: 60% of median equivalised income after social transfers),Total,Total,Bulgaria,2018,22.0,
ESTAT:ILC_LI02(1.0),06/12/24 23:00:00,Annual,Percentage,At risk of poverty rate (cut-off point: 60% of median equivalised income after social transfers),Total,Total,Bulgaria,2019,22.6,
ESTAT:ILC_LI02(1.0),06/12/24 23:00:00,Annual,Percentage,At risk of poverty rate (cut-off point: 60% of median equivalised income after social transfers),Total,Total,Bulgaria,2020,23.8,
ESTAT:ILC_LI02(1.0),06/12/24 23:00:00,Annual,Percentage,At risk of poverty rate (cut-off point: 60% of median equivalised income after social transfers),Total,Total,Bulgaria,2021,22.1,
ESTAT:ILC_LI02(1.0),06/12/24 23:00:00,Annual,Percentage,At risk of poverty rate (cut-off point: 60% of median equivalised income after social transfers),Total,Total,Bulgaria,2022,22.9,
ESTAT:ILC_LI02(1.0),06/12/24 23:00:00,Annual,Percentage,At risk of poverty rate (cut-off point: 60% of median equivalised income after social transfers),Total,Total,Switzerland,2014,13.8,
ESTAT:ILC_LI02(1.0),06/12/24 23:00:00,Annual,Percentage,At risk of poverty rate (cut-off point: 60% of median equivalised income after social transfers),Total,Total,Switzerland,2015,15.6,
ESTAT:ILC_LI02(1.0),06/12/24 23:00:00,Annual,Percentage,At risk of poverty rate (cut-off point: 60% of median equivalised income after social transfers),Total,Total,Switzerland,2016,14.7,
ESTAT:ILC_LI02(1.0),06/12/24 23:00:00,Annual,Percentage,At risk of poverty rate (cut-off point: 60% of median equivalised income after social transfers),Total,Total,Switzerland,2017,15.5,
ESTAT:ILC_LI02(1.0),06/12/24 23:00:00,Annual,Percentage,At risk of poverty rate (cut-off point: 60% of median equivalised income after social transfers),Total,Total,Switzerland,2018,14.6,
ESTAT:ILC_LI02(1.0),06/12/24 23:00:00,Annual,Percentage,At risk of poverty rate (cut-off point: 60% of median equivalised income after social transfers),Total,Total,Switzerland,2019,16.0,
ESTAT:ILC_LI02(1.0),06/12/24 23:00:00,Annual,Percentage,At risk of poverty rate (cut-off point: 60% of median equivalised income after social transfers),Total,Total,Switzerland,2020,15.5,
ESTAT:ILC_LI02(1.0),06/12/24 23:00:00,Annual,Percentage,At risk of poverty rate (cut-off point: 60% of median equivalised income after social transfers),Total,Total,Switzerland,2021,14.7,
ESTAT:ILC_LI02(1.0),06/12/24 23:00:00,Annual,Percentage,At risk of poverty rate (cut-off point: 60% of median equivalised income after social transfers),Total,Total,Switzerland,2022,15.8,
ESTAT:ILC_LI02(1.0),06/12/24 23:00:00,Annual,Percentage,At risk of poverty rate (cut-off point: 60% of median equivalised income after social transfers),Total,Total,Cyprus,2014,14.4,
ESTAT:ILC_LI02(1.0),06/12/24 23:00:00,Annual,Percentage,At risk of poverty rate (cut-off point: 60% of median equivalised income after social transfers),Total,Total,Cyprus,2015,16.2,
ESTAT:ILC_LI02(1.0),06/12/24 23:00:00,Annual,Percentage,At risk of poverty rate (cut-off point: 60% of median equivalised income after social transfers),Total,Total,Cyprus,2016,16.1,
ESTAT:ILC_LI02(1.0),06/12/24 23:00:00,Annual,Percentage,At risk of poverty rate (cut-off point: 60% of median equivalised income after social transfers),Total,Total,Cyprus,2017,15.7,
ESTAT:ILC_LI02(1.0),06/12/24 23:00:00,Annual,Percentage,At risk of poverty rate (cut-off point: 60% of median equivalised income after social transfers),Total,Total,Cyprus,2018,15.4,
ESTAT:ILC_LI02(1.0),06/12/24 23:00:00,Annual,Percentage,At risk of poverty rate (cut-off point: 60% of median equivalised income after social transfers),Total,Total,Cyprus,2019,14.7,
ESTAT:ILC_LI02(1.0),06/12/24 23:00:00,Annual,Percentage,At risk of poverty rate (cut-off point: 60% of median equivalised income after social transfers),Total,Total,Cyprus,2020,14.3,
ESTAT:ILC_LI02(1.0),06/12/24 23:00:00,Annual,Percentage,At risk of poverty rate (cut-off point: 60% of median equivalised income after social transfers),Total,Total,Cyprus,2021,13.8,
ESTAT:ILC_LI02(1.0),06/12/24 23:00:00,Annual,Percentage,At risk of poverty rate (cut-off point: 60% of median equivalised income after social transfers),Total,Total,Cyprus,2022,13.9,
ESTAT:ILC_LI02(1.0),06/12/24 23:00:00,Annual,Percentage,At risk of poverty rate (cut-off point: 60% of median equivalised income after social transfers),Total,Total,Czechia,2014,9.7,
ESTAT:ILC_LI02(1.0),06/12/24 23:00:00,Annual,Percentage,At risk of poverty rate (cut-off point: 60% of median equivalised income after social transfers),Total,Total,Czechia,2015,9.7,
ESTAT:ILC_LI02(1.0),06/12/24 23:00:00,Annual,Percentage,At risk of poverty rate (cut-off point: 60% of median equivalised income after social transfers),Total,Total,Czechia,2016,9.7,
ESTAT:ILC_LI02(1.0),06/12/24 23:00:00,Annual,Percentage,At risk of poverty rate (cut-off point: 60% of median equivalised income after social transfers),Total,Total,Czechia,2017,9.1,
ESTAT:ILC_LI02(1.0),06/12/24 23:00:00,Annual,Percentage,At risk of poverty rate (cut-off point: 60% of median equivalised income after social transfers),Total,Total,Czechia,2018,9.6,
ESTAT:ILC_LI02(1.0),06/12/24 23:00:00,Annual,Percentage,At risk of poverty rate (cut-off point: 60% of median equivalised income after social transfers),Total,Total,Czechia,2019,10.1,
ESTAT:ILC_LI02(1.0),06/12/24 23:00:00,Annual,Percentage,At risk of poverty rate (cut-off point: 60% of median equivalised income after social transfers),Total,Total,Czechia,2020,9.5,
ESTAT:ILC_LI02(1.0),06/12/24 23:00:00,Annual,Percentage,At risk of poverty rate (cut-off point: 60% of median equivalised income after social transfers),Total,Total,Czechia,2021,8.6,
ESTAT:ILC_LI02(1.0),06/12/24 23:00:00,Annual,Percentage,At risk of poverty rate (cut-off point: 60% of median equivalised income after social transfers),Total,Total,Czechia,2022,10.2,
ESTAT:ILC_LI02(1.0),06/12/24 23:00:00,Annual,Percentage,At risk of poverty rate (cut-off point: 60% of median equivalised income after social transfers),Total,Total,Germany,2014,16.7,
ESTAT:ILC_LI02(1.0),06/12/24 23:00:00,Annual,Percentage,At risk of poverty rate (cut-off point: 60% of median equivalised income after social transfers),Total,Total,Germany,2015,16.7,
ESTAT:ILC_LI02(1.0),06/12/24 23:00:00,Annual,Percentage,At risk of poverty rate (cut-off point: 60% of median equivalised income after social transfers),Total,Total,Germany,2016,16.5,
ESTAT:ILC_LI02(1.0),06/12/24 23:00:00,Annual,Percentage,At risk of poverty rate (cut-off point: 60% of median equivalised income after social transfers),Total,Total,Germany,2017,16.1,
ESTAT:ILC_LI02(1.0),06/12/24 23:00:00,Annual,Percentage,At risk of poverty rate (cut-off point: 60% of median equivalised income after social transfers),Total,Total,Germany,2018,16.0,
ESTAT:ILC_LI02(1.0),06/12/24 23:00:00,Annual,Percentage,At risk of poverty rate (cut-off point: 60% of median equivalised income after social transfers),Total,Total,Germany,2019,14.8,
ESTAT:ILC_LI02(1.0),06/12/24 23:00:00,Annual,Percentage,At risk of poverty rate (cut-off point: 60% of median equivalised income after social transfers),Total,Total,Germany,2020,16.1,b
ESTAT:ILC_LI02(1.0),06/12/24 23:00:00,Annual,Percentage,At risk of poverty rate (cut-off point: 60% of median equivalised income after social transfers),Total,Total,Germany,2021,16.0,
ESTAT:ILC_LI02(1.0),06/12/24 23:00:00,Annual,Percentage,At risk of poverty rate (cut-off point: 60% of median equivalised income after social transfers),Total,Total,Germany,2022,14.8,
ESTAT:ILC_LI02(1.0),06/12/24 23:00:00,Annual,Percentage,At risk of poverty rate (cut-off point: 60% of median equivalised income after social transfers),Total,Total,Denmark,2014,12.1,
ESTAT:ILC_LI02(1.0),06/12/24 23:00:00,Annual,Percentage,At risk of poverty rate (cut-off point: 60% of median equivalised income after social transfers),Total,Total,Denmark,2015,12.2,
ESTAT:ILC_LI02(1.0),06/12/24 23:00:00,Annual,Percentage,At risk of poverty rate (cut-off point: 60% of median equivalised income after social transfers),Total,Total,Denmark,2016,11.9,
ESTAT:ILC_LI02(1.0),06/12/24 23:00:00,Annual,Percentage,At risk of poverty rate (cut-off point: 60% of median equivalised income after social transfers),Total,Total,Denmark,2017,12.4,
ESTAT:ILC_LI02(1.0),06/12/24 23:00:00,Annual,Percentage,At risk of poverty rate (cut-off point: 60% of median equivalised income after social transfers),Total,Total,Denmark,2018,12.7,
ESTAT:ILC_LI02(1.0),06/12/24 23:00:00,Annual,Percentage,At risk of poverty rate (cut-off point: 60% of median equivalised income after social transfers),Total,Total,Denmark,2019,12.5,
ESTAT:ILC_LI02(1.0),06/12/24 23:00:00,Annual,Percentage,At risk of poverty rate (cut-off point: 60% of median equivalised income after social transfers),Total,Total,Denmark,2020,12.1,b
ESTAT:ILC_LI02(1.0),06/12/24 23:00:00,Annual,Percentage,At risk of poverty rate (cut-off point: 60% of median equivalised income after social transfers),Total,Total,Denmark,2021,12.3,
ESTAT:ILC_LI02(1.0),06/12/24 23:00:00,Annual,Percentage,At risk of poverty rate (cut-off point: 60% of median equivalised income after social transfers),Total,Total,Denmark,2022,12.4,
ESTAT:ILC_LI02(1.0),06/12/24 23:00:00,Annual,Percentage,At risk of poverty rate (cut-off point: 60% of median equivalised income after social transfers),Total,Total,"Euro area (EA11-1999, EA12-2001, EA13-2007, EA15-2008, EA16-2009, EA17-2011, EA18-2014, EA19-2015, EA20-2023)",2014,17.1,
ESTAT:ILC_LI02(1.0),06/12/24 23:00:00,Annual,Percentage,At risk of poverty rate (cut-off point: 60% of median equivalised income after social transfers),Total,Total,"Euro area (EA11-1999, EA12-2001, EA13-2007, EA15-2008, EA16-2009, EA17-2011, EA18-2014, EA19-2015, EA20-2023)",2015,17.2,
ESTAT:ILC_LI02(1.0),06/12/24 23:00:00,Annual,Percentage,At risk of poverty rate (cut-off point: 60% of median equivalised income after social transfers),Total,Total,"Euro area (EA11-1999, EA12-2001, EA13-2007, EA15-2008, EA16-2009, EA17-2011, EA18-2014, EA19-2015, EA20-2023)",2016,17.4,
ESTAT:ILC_LI02(1.0),06/12/24 23:00:00,Annual,Percentage,At risk of poverty rate (cut-off point: 60% of median equivalised income after social transfers),Total,Total,"Euro area (EA11-1999, EA12-2001, EA13-2007, EA15-2008, EA16-2009, EA17-2011, EA18-2014, EA19-2015, EA20-2023)",2017,17.0,
ESTAT:ILC_LI02(1.0),06/12/24 23:00:00,Annual,Percentage,At risk of poverty rate (cut-off point: 60% of median equivalised income after social transfers),Total,Total,"Euro area (EA11-1999, EA12-2001, EA13-2007, EA15-2008, EA16-2009, EA17-2011, EA18-2014, EA19-2015, EA20-2023)",2018,17.0,
ESTAT:ILC_LI02(1.0),06/12/24 23:00:00,Annual,Percentage,At risk of poverty rate (cut-off point: 60% of median equivalised income after social transfers),Total,Total,"Euro area (EA11-1999, EA12-2001, EA13-2007, EA15-2008, EA16-2009, EA17-2011, EA18-2014, EA19-2015, EA20-2023)",2019,16.4,
ESTAT:ILC_LI02(1.0),06/12/24 23:00:00,Annual,Percentage,At risk of poverty rate (cut-off point: 60% of median equivalised income after social transfers),Total,Total,"Euro area (EA11-1999, EA12-2001, EA13-2007, EA15-2008, EA16-2009, EA17-2011, EA18-2014, EA19-2015, EA20-2023)",2020,16.8,b
ESTAT:ILC_LI02(1.0),06/12/24 23:00:00,Annual,Percentage,At risk of poverty rate (cut-off point: 60% of median equivalised income after social transfers),Total,Total,"Euro area (EA11-1999, EA12-2001, EA13-2007, EA15-2008, EA16-2009, EA17-2011, EA18-2014, EA19-2015, EA20-2023)",2021,17.0,
ESTAT:ILC_LI02(1.0),06/12/24 23:00:00,Annual,Percentage,At risk of poverty rate (cut-off point: 60% of median equivalised income after social transfers),Total,Total,Euro area - 18 countries (2014),2014,17.1,
ESTAT:ILC_LI02(1.0),06/12/24 23:00:00,Annual,Percentage,At risk of poverty rate (cut-off point: 60% of median equivalised income after social transfers),Total,Total,Euro area - 18 countries (2014),2015,17.2,
ESTAT:ILC_LI02(1.0),06/12/24 23:00:00,Annual,Percentage,At risk of poverty rate (cut-off point: 60% of median equivalised income after social transfers),Total,Total,Euro area - 18 countries (2014),2016,17.4,
ESTAT:ILC_LI02(1.0),06/12/24 23:00:00,Annual,Percentage,At risk of poverty rate (cut-off point: 60% of median equivalised income after social transfers),Total,Total,Euro area - 18 countries (2014),2017,17.0,
ESTAT:ILC_LI02(1.0),06/12/24 23:00:00,Annual,Percentage,At risk of poverty rate (cut-off point: 60% of median equivalised income after social transfers),Total,Total,Euro area - 18 countries (2014),2018,16.9,
ESTAT:ILC_LI02(1.0),06/12/24 23:00:00,Annual,Percentage,At risk of poverty rate (cut-off point: 60% of median equivalised income after social transfers),Total,Total,Euro area - 18 countries (2014),2019,16.4,
ESTAT:ILC_LI02(1.0),06/12/24 23:00:00,Annual,Percentage,At risk of poverty rate (cut-off point: 60% of median equivalised income after social transfers),Total,Total,Euro area - 18 countries (2014),2020,16.7,b
ESTAT:ILC_LI02(1.0),06/12/24 23:00:00,Annual,Percentage,At risk of poverty rate (cut-off point: 60% of median equivalised income after social transfers),Total,Total,Euro area - 19 countries  (2015-2022),2014,17.2,
ESTAT:ILC_LI02(1.0),06/12/24 23:00:00,Annual,Percentage,At risk of poverty rate (cut-off point: 60% of median equivalised income after social transfers),Total,Total,Euro area - 19 countries  (2015-2022),2015,17.2,
ESTAT:ILC_LI02(1.0),06/12/24 23:00:00,Annual,Percentage,At risk of poverty rate (cut-off point: 60% of median equivalised income after social transfers),Total,Total,Euro area - 19 countries  (2015-2022),2016,17.4,
ESTAT:ILC_LI02(1.0),06/12/24 23:00:00,Annual,Percentage,At risk of poverty rate (cut-off point: 60% of median equivalised income after social transfers),Total,Total,Euro area - 19 countries  (2015-2022),2017,17.0,
ESTAT:ILC_LI02(1.0),06/12/24 23:00:00,Annual,Percentage,At risk of poverty rate (cut-off point: 60% of median equivalised income after social transfers),Total,Total,Euro area - 19 countries  (2015-2022),2018,17.0,
ESTAT:ILC_LI02(1.0),06/12/24 23:00:00,Annual,Percentage,At risk of poverty rate (cut-off point: 60% of median equivalised income after social transfers),Total,Total,Euro area - 19 countries  (2015-2022),2019,16.4,
ESTAT:ILC_LI02(1.0),06/12/24 23:00:00,Annual,Percentage,At risk of poverty rate (cut-off point: 60% of median equivalised income after social transfers),Total,Total,Euro area - 19 countries  (2015-2022),2020,16.8,b
ESTAT:ILC_LI02(1.0),06/12/24 23:00:00,Annual,Percentage,At risk of poverty rate (cut-off point: 60% of median equivalised income after social transfers),Total,Total,Euro area - 19 countries  (2015-2022),2021,17.0,
ESTAT:ILC_LI02(1.0),06/12/24 23:00:00,Annual,Percentage,At risk of poverty rate (cut-off point: 60% of median equivalised income after social transfers),Total,Total,Euro area – 20 countries (from 2023),2014,17.2,
ESTAT:ILC_LI02(1.0),06/12/24 23:00:00,Annual,Percentage,At risk of poverty rate (cut-off point: 60% of median equivalised income after social transfers),Total,Total,Euro area – 20 countries (from 2023),2015,17.3,
ESTAT:ILC_LI02(1.0),06/12/24 23:00:00,Annual,Percentage,At risk of poverty rate (cut-off point: 60% of median equivalised income after social transfers),Total,Total,Euro area – 20 countries (from 2023),2016,17.4,
ESTAT:ILC_LI02(1.0),06/12/24 23:00:00,Annual,Percentage,At risk of poverty rate (cut-off point: 60% of median equivalised income after social transfers),Total,Total,Euro area – 20 countries (from 2023),2017,17.1,
ESTAT:ILC_LI02(1.0),06/12/24 23:00:00,Annual,Percentage,At risk of poverty rate (cut-off point: 60% of median equivalised income after social transfers),Total,Total,Euro area – 20 countries (from 2023),2018,17.0,
ESTAT:ILC_LI02(1.0),06/12/24 23:00:00,Annual,Percentage,At risk of poverty rate (cut-off point: 60% of median equivalised income after social transfers),Total,Total,Euro area – 20 countries (from 2023),2019,16.4,
ESTAT:ILC_LI02(1.0),06/12/24 23:00:00,Annual,Percentage,At risk of poverty rate (cut-off point: 60% of median equivalised income after social transfers),Total,Total,Euro area – 20 countries (from 2023),2020,16.8,b
ESTAT:ILC_LI02(1.0),06/12/24 23:00:00,Annual,Percentage,At risk of poverty rate (cut-off point: 60% of median equivalised income after social transfers),Total,Total,Euro area – 20 countries (from 2023),2021,17.0,
ESTAT:ILC_LI02(1.0),06/12/24 23:00:00,Annual,Percentage,At risk of poverty rate (cut-off point: 60% of median equivalised income after social transfers),Total,Total,Euro area – 20 countries (from 2023),2022,16.8,
ESTAT:ILC_LI02(1.0),06/12/24 23:00:00,Annual,Percentage,At risk of poverty rate (cut-off point: 60% of median equivalised income after social transfers),Total,Total,Estonia,2014,21.8,
ESTAT:ILC_LI02(1.0),06/12/24 23:00:00,Annual,Percentage,At risk of poverty rate (cut-off point: 60% of median equivalised income after social transfers),Total,Total,Estonia,2015,21.6,
ESTAT:ILC_LI02(1.0),06/12/24 23:00:00,Annual,Percentage,At risk of poverty rate (cut-off point: 60% of median equivalised income after social transfers),Total,Total,Estonia,2016,21.7,
ESTAT:ILC_LI02(1.0),06/12/24 23:00:00,Annual,Percentage,At risk of poverty rate (cut-off point: 60% of median equivalised income after social transfers),Total,Total,Estonia,2017,21.0,
ESTAT:ILC_LI02(1.0),06/12/24 23:00:00,Annual,Percentage,At risk of poverty rate (cut-off point: 60% of median equivalised income after social transfers),Total,Total,Estonia,2018,21.9,
ESTAT:ILC_LI02(1.0),06/12/24 23:00:00,Annual,Percentage,At risk of poverty rate (cut-off point: 60% of median equivalised income after social transfers),Total,Total,Estonia,2019,21.7,
ESTAT:ILC_LI02(1.0),06/12/24 23:00:00,Annual,Percentage,At risk of poverty rate (cut-off point: 60% of median equivalised income after social transfers),Total,Total,Estonia,2020,20.7,
ESTAT:ILC_LI02(1.0),06/12/24 23:00:00,Annual,Percentage,At risk of poverty rate (cut-off point: 60% of median equivalised income after social transfers),Total,Total,Estonia,2021,20.6,
ESTAT:ILC_LI02(1.0),06/12/24 23:00:00,Annual,Percentage,At risk of poverty rate (cut-off point: 60% of median equivalised income after social transfers),Total,Total,Estonia,2022,22.8,
ESTAT:ILC_LI02(1.0),06/12/24 23:00:00,Annual,Percentage,At risk of poverty rate (cut-off point: 60% of median equivalised income after social transfers),Total,Total,Greece,2014,22.1,
ESTAT:ILC_LI02(1.0),06/12/24 23:00:00,Annual,Percentage,At risk of poverty rate (cut-off point: 60% of median equivalised income after social transfers),Total,Total,Greece,2015,21.4,
ESTAT:ILC_LI02(1.0),06/12/24 23:00:00,Annual,Percentage,At risk of poverty rate (cut-off point: 60% of median equivalised income after social transfers),Total,Total,Greece,2016,21.2,
ESTAT:ILC_LI02(1.0),06/12/24 23:00:00,Annual,Percentage,At risk of poverty rate (cut-off point: 60% of median equivalised income after social transfers),Total,Total,Greece,2017,20.2,
ESTAT:ILC_LI02(1.0),06/12/24 23:00:00,Annual,Percentage,At risk of poverty rate (cut-off point: 60% of median equivalised income after social transfers),Total,Total,Greece,2018,18.5,
ESTAT:ILC_LI02(1.0),06/12/24 23:00:00,Annual,Percentage,At risk of poverty rate (cut-off point: 60% of median equivalised income after social transfers),Total,Total,Greece,2019,17.9,
ESTAT:ILC_LI02(1.0),06/12/24 23:00:00,Annual,Percentage,At risk of poverty rate (cut-off point: 60% of median equivalised income after social transfers),Total,Total,Greece,2020,17.7,
ESTAT:ILC_LI02(1.0),06/12/24 23:00:00,Annual,Percentage,At risk of poverty rate (cut-off point: 60% of median equivalised income after social transfers),Total,Total,Greece,2021,19.6,
ESTAT:ILC_LI02(1.0),06/12/24 23:00:00,Annual,Percentage,At risk of poverty rate (cut-off point: 60% of median equivalised income after social transfers),Total,Total,Greece,2022,18.8,
ESTAT:ILC_LI02(1.0),06/12/24 23:00:00,Annual,Percentage,At risk of poverty rate (cut-off point: 60% of median equivalised income after social transfers),Total,Total,Spain,2014,22.2,
ESTAT:ILC_LI02(1.0),06/12/24 23:00:00,Annual,Percentage,At risk of poverty rate (cut-off point: 60% of median equivalised income after social transfers),Total,Total,Spain,2015,22.1,
ESTAT:ILC_LI02(1.0),06/12/24 23:00:00,Annual,Percentage,At risk of poverty rate (cut-off point: 60% of median equivalised income after social transfers),Total,Total,Spain,2016,22.3,
ESTAT:ILC_LI02(1.0),06/12/24 23:00:00,Annual,Percentage,At risk of poverty rate (cut-off point: 60% of median equivalised income after social transfers),Total,Total,Spain,2017,21.6,
ESTAT:ILC_LI02(1.0),06/12/24 23:00:00,Annual,Percentage,At risk of poverty rate (cut-off point: 60% of median equivalised income after social transfers),Total,Total,Spain,2018,21.5,
ESTAT:ILC_LI02(1.0),06/12/24 23:00:00,Annual,Percentage,At risk of poverty rate (cut-off point: 60% of median equivalised income after social transfers),Total,Total,Spain,2019,20.7,
ESTAT:ILC_LI02(1.0),06/12/24 23:00:00,Annual,Percentage,At risk of poverty rate (cut-off point: 60% of median equivalised income after social transfers),Total,Total,Spain,2020,21.0,
ESTAT:ILC_LI02(1.0),06/12/24 23:00:00,Annual,Percentage,At risk of poverty rate (cut-off point: 60% of median equivalised income after social transfers),Total,Total,Spain,2021,21.7,
ESTAT:ILC_LI02(1.0),06/12/24 23:00:00,Annual,Percentage,At risk of poverty rate (cut-off point: 60% of median equivalised income after social transfers),Total,Total,Spain,2022,20.4,
ESTAT:ILC_LI02(1.0),06/12/24 23:00:00,Annual,Percentage,At risk of poverty rate (cut-off point: 60% of median equivalised income after social transfers),Total,Total,"European Union (EU6-1958, EU9-1973, EU10-1981, EU12-1986, EU15-1995, EU25-2004, EU27-2007, EU28-2013, EU27-2020)",2014,17.2,
ESTAT:ILC_LI02(1.0),06/12/24 23:00:00,Annual,Percentage,At risk of poverty rate (cut-off point: 60% of median equivalised income after social transfers),Total,Total,"European Union (EU6-1958, EU9-1973, EU10-1981, EU12-1986, EU15-1995, EU25-2004, EU27-2007, EU28-2013, EU27-2020)",2015,17.3,
ESTAT:ILC_LI02(1.0),06/12/24 23:00:00,Annual,Percentage,At risk of poverty rate (cut-off point: 60% of median equivalised income after social transfers),Total,Total,"European Union (EU6-1958, EU9-1973, EU10-1981, EU12-1986, EU15-1995, EU25-2004, EU27-2007, EU28-2013, EU27-2020)",2016,17.3,
ESTAT:ILC_LI02(1.0),06/12/24 23:00:00,Annual,Percentage,At risk of poverty rate (cut-off point: 60% of median equivalised income after social transfers),Total,Total,"European Union (EU6-1958, EU9-1973, EU10-1981, EU12-1986, EU15-1995, EU25-2004, EU27-2007, EU28-2013, EU27-2020)",2017,16.9,
ESTAT:ILC_LI02(1.0),06/12/24 23:00:00,Annual,Percentage,At risk of poverty rate (cut-off point: 60% of median equivalised income after social transfers),Total,Total,"European Union (EU6-1958, EU9-1973, EU10-1981, EU12-1986, EU15-1995, EU25-2004, EU27-2007, EU28-2013, EU27-2020)",2018,17.1,
ESTAT:ILC_LI02(1.0),06/12/24 23:00:00,Annual,Percentage,At risk of poverty rate (cut-off point: 60% of median equivalised income after social transfers),Total,Total,European Union - 27 countries (2007-2013),2014,17.2,
ESTAT:ILC_LI02(1.0),06/12/24 23:00:00,Annual,Percentage,At risk of poverty rate (cut-off point: 60% of median equivalised income after social transfers),Total,Total,European Union - 27 countries (2007-2013),2015,17.3,
ESTAT:ILC_LI02(1.0),06/12/24 23:00:00,Annual,Percentage,At risk of poverty rate (cut-off point: 60% of median equivalised income after social transfers),Total,Total,European Union - 27 countries (2007-2013),2016,17.3,
ESTAT:ILC_LI02(1.0),06/12/24 23:00:00,Annual,Percentage,At risk of poverty rate (cut-off point: 60% of median equivalised income after social transfers),Total,Total,European Union - 27 countries (2007-2013),2017,16.9,
ESTAT:ILC_LI02(1.0),06/12/24 23:00:00,Annual,Percentage,At risk of poverty rate (cut-off point: 60% of median equivalised income after social transfers),Total,Total,European Union - 27 countries (2007-2013),2018,17.0,
ESTAT:ILC_LI02(1.0),06/12/24 23:00:00,Annual,Percentage,At risk of poverty rate (cut-off point: 60% of median equivalised income after social transfers),Total,Total,European Union - 27 countries (from 2020),2014,17.3,
ESTAT:ILC_LI02(1.0),06/12/24 23:00:00,Annual,Percentage,At risk of poverty rate (cut-off point: 60% of median equivalised income after social transfers),Total,Total,European Union - 27 countries (from 2020),2015,17.4,
ESTAT:ILC_LI02(1.0),06/12/24 23:00:00,Annual,Percentage,At risk of poverty rate (cut-off point: 60% of median equivalised income after social transfers),Total,Total,European Union - 27 countries (from 2020),2016,17.5,
ESTAT:ILC_LI02(1.0),06/12/24 23:00:00,Annual,Percentage,At risk of poverty rate (cut-off point: 60% of median equivalised income after social transfers),Total,Total,European Union - 27 countries (from 2020),2017,16.9,
ESTAT:ILC_LI02(1.0),06/12/24 23:00:00,Annual,Percentage,At risk of poverty rate (cut-off point: 60% of median equivalised income after social transfers),Total,Total,European Union - 27 countries (from 2020),2018,16.8,
ESTAT:ILC_LI02(1.0),06/12/24 23:00:00,Annual,Percentage,At risk of poverty rate (cut-off point: 60% of median equivalised income after social transfers),Total,Total,European Union - 27 countries (from 2020),2019,16.5,
ESTAT:ILC_LI02(1.0),06/12/24 23:00:00,Annual,Percentage,At risk of poverty rate (cut-off point: 60% of median equivalised income after social transfers),Total,Total,European Union - 27 countries (from 2020),2020,16.7,b
ESTAT:ILC_LI02(1.0),06/12/24 23:00:00,Annual,Percentage,At risk of poverty rate (cut-off point: 60% of median equivalised income after social transfers),Total,Total,European Union - 27 countries (from 2020),2021,16.8,
ESTAT:ILC_LI02(1.0),06/12/24 23:00:00,Annual,Percentage,At risk of poverty rate (cut-off point: 60% of median equivalised income after social transfers),Total,Total,European Union - 27 countries (from 2020),2022,16.5,
ESTAT:ILC_LI02(1.0),06/12/24 23:00:00,Annual,Percentage,At risk of poverty rate (cut-off point: 60% of median equivalised income after social transfers),Total,Total,European Union - 28 countries (2013-2020),2014,17.2,
ESTAT:ILC_LI02(1.0),06/12/24 23:00:00,Annual,Percentage,At risk of poverty rate (cut-off point: 60% of median equivalised income after social transfers),Total,Total,European Union - 28 countries (2013-2020),2015,17.3,
ESTAT:ILC_LI02(1.0),06/12/24 23:00:00,Annual,Percentage,At risk of poverty rate (cut-off point: 60% of median equivalised income after social transfers),Total,Total,European Union - 28 countries (2013-2020),2016,17.3,
ESTAT:ILC_LI02(1.0),06/12/24 23:00:00,Annual,Percentage,At risk of poverty rate (cut-off point: 60% of median equivalised income after social transfers),Total,Total,European Union - 28 countries (2013-2020),2017,16.9,
ESTAT:ILC_LI02(1.0),06/12/24 23:00:00,Annual,Percentage,At risk of poverty rate (cut-off point: 60% of median equivalised income after social transfers),Total,Total,European Union - 28 countries (2013-2020),2018,17.1,
ESTAT:ILC_LI02(1.0),06/12/24 23:00:00,Annual,Percentage,At risk of poverty rate (cut-off point: 60% of median equivalised income after social transfers),Total,Total,Finland,2014,12.8,
ESTAT:ILC_LI02(1.0),06/12/24 23:00:00,Annual,Percentage,At risk of poverty rate (cut-off point: 60% of median equivalised income after social transfers),Total,Total,Finland,2015,12.4,
ESTAT:ILC_LI02(1.0),06/12/24 23:00:00,Annual,Percentage,At risk of poverty rate (cut-off point: 60% of median equivalised income after social transfers),Total,Total,Finland,2016,11.6,
ESTAT:ILC_LI02(1.0),06/12/24 23:00:00,Annual,Percentage,At risk of poverty rate (cut-off point: 60% of median equivalised income after social transfers),Total,Total,Finland,2017,11.5,
ESTAT:ILC_LI02(1.0),06/12/24 23:00:00,Annual,Percentage,At risk of poverty rate (cut-off point: 60% of median equivalised income after social transfers),Total,Total,Finland,2018,12.0,
ESTAT:ILC_LI02(1.0),06/12/24 23:00:00,Annual,Percentage,At risk of poverty rate (cut-off point: 60% of median equivalised income after social transfers),Total,Total,Finland,2019,11.6,
ESTAT:ILC_LI02(1.0),06/12/24 23:00:00,Annual,Percentage,At risk of poverty rate (cut-off point: 60% of median equivalised income after social transfers),Total,Total,Finland,2020,12.2,
ESTAT:ILC_LI02(1.0),06/12/24 23:00:00,Annual,Percentage,At risk of poverty rate (cut-off point: 60% of median equivalised income after social transfers),Total,Total,Finland,2021,10.8,
ESTAT:ILC_LI02(1.0),06/12/24 23:00:00,Annual,Percentage,At risk of poverty rate (cut-off point: 60% of median equivalised income after social transfers),Total,Total,Finland,2022,12.7,
ESTAT:ILC_LI02(1.0),06/12/24 23:00:00,Annual,Percentage,At risk of poverty rate (cut-off point: 60% of median equivalised income after social transfers),Total,Total,France,2014,13.3,
ESTAT:ILC_LI02(1.0),06/12/24 23:00:00,Annual,Percentage,At risk of poverty rate (cut-off point: 60% of median equivalised income after social transfers),Total,Total,France,2015,13.6,
ESTAT:ILC_LI02(1.0),06/12/24 23:00:00,Annual,Percentage,At risk of poverty rate (cut-off point: 60% of median equivalised income after social transfers),Total,Total,France,2016,13.6,
ESTAT:ILC_LI02(1.0),06/12/24 23:00:00,Annual,Percentage,At risk of poverty rate (cut-off point: 60% of median equivalised income after social transfers),Total,Total,France,2017,13.2,
ESTAT:ILC_LI02(1.0),06/12/24 23:00:00,Annual,Percentage,At risk of poverty rate (cut-off point: 60% of median equivalised income after social transfers),Total,Total,France,2018,13.4,
ESTAT:ILC_LI02(1.0),06/12/24 23:00:00,Annual,Percentage,At risk of poverty rate (cut-off point: 60% of median equivalised income after social transfers),Total,Total,France,2019,13.6,
ESTAT:ILC_LI02(1.0),06/12/24 23:00:00,Annual,Percentage,At risk of poverty rate (cut-off point: 60% of median equivalised income after social transfers),Total,Total,France,2020,14.2,b
ESTAT:ILC_LI02(1.0),06/12/24 23:00:00,Annual,Percentage,At risk of poverty rate (cut-off point: 60% of median equivalised income after social transfers),Total,Total,France,2021,14.3,
ESTAT:ILC_LI02(1.0),06/12/24 23:00:00,Annual,Percentage,At risk of poverty rate (cut-off point: 60% of median equivalised income after social transfers),Total,Total,France,2022,15.6,b
ESTAT:ILC_LI02(1.0),06/12/24 23:00:00,Annual,Percentage,At risk of poverty rate (cut-off point: 60% of median equivalised income after social transfers),Total,Total,Croatia,2014,19.4,
ESTAT:ILC_LI02(1.0),06/12/24 23:00:00,Annual,Percentage,At risk of poverty rate (cut-off point: 60% of median equivalised income after social transfers),Total,Total,Croatia,2015,20.0,
ESTAT:ILC_LI02(1.0),06/12/24 23:00:00,Annual,Percentage,At risk of poverty rate (cut-off point: 60% of median equivalised income after social transfers),Total,Total,Croatia,2016,19.5,
ESTAT:ILC_LI02(1.0),06/12/24 23:00:00,Annual,Percentage,At risk of poverty rate (cut-off point: 60% of median equivalised income after social transfers),Total,Total,Croatia,2017,20.0,
ESTAT:ILC_LI02(1.0),06/12/24 23:00:00,Annual,Percentage,At risk of poverty rate (cut-off point: 60% of median equivalised income after social transfers),Total,Total,Croatia,2018,19.3,
ESTAT:ILC_LI02(1.0),06/12/24 23:00:00,Annual,Percentage,At risk of poverty rate (cut-off point: 60% of median equivalised income after social transfers),Total,Total,Croatia,2019,18.3,
ESTAT:ILC_LI02(1.0),06/12/24 23:00:00,Annual,Percentage,At risk of poverty rate (cut-off point: 60% of median equivalised income after social transfers),Total,Total,Croatia,2020,18.3,
ESTAT:ILC_LI02(1.0),06/12/24 23:00:00,Annual,Percentage,At risk of poverty rate (cut-off point: 60% of median equivalised income after social transfers),Total,Total,Croatia,2021,19.2,
ESTAT:ILC_LI02(1.0),06/12/24 23:00:00,Annual,Percentage,At risk of poverty rate (cut-off point: 60% of median equivalised income after social transfers),Total,Total,Croatia,2022,18.0,
ESTAT:ILC_LI02(1.0),06/12/24 23:00:00,Annual,Percentage,At risk of poverty rate (cut-off point: 60% of median equivalised income after social transfers),Total,Total,Hungary,2014,15.0,
ESTAT:ILC_LI02(1.0),06/12/24 23:00:00,Annual,Percentage,At risk of poverty rate (cut-off point: 60% of median equivalised income after social transfers),Total,Total,Hungary,2015,14.9,
ESTAT:ILC_LI02(1.0),06/12/24 23:00:00,Annual,Percentage,At risk of poverty rate (cut-off point: 60% of median equivalised income after social transfers),Total,Total,Hungary,2016,14.5,
ESTAT:ILC_LI02(1.0),06/12/24 23:00:00,Annual,Percentage,At risk of poverty rate (cut-off point: 60% of median equivalised income after social transfers),Total,Total,Hungary,2017,13.4,
ESTAT:ILC_LI02(1.0),06/12/24 23:00:00,Annual,Percentage,At risk of poverty rate (cut-off point: 60% of median equivalised income after social transfers),Total,Total,Hungary,2018,12.8,
ESTAT:ILC_LI02(1.0),06/12/24 23:00:00,Annual,Percentage,At risk of poverty rate (cut-off point: 60% of median equivalised income after social transfers),Total,Total,Hungary,2019,12.3,
ESTAT:ILC_LI02(1.0),06/12/24 23:00:00,Annual,Percentage,At risk of poverty rate (cut-off point: 60% of median equivalised income after social transfers),Total,Total,Hungary,2020,12.3,
ESTAT:ILC_LI02(1.0),06/12/24 23:00:00,Annual,Percentage,At risk of poverty rate (cut-off point: 60% of median equivalised income after social transfers),Total,Total,Hungary,2021,12.6,
ESTAT:ILC_LI02(1.0),06/12/24 23:00:00,Annual,Percentage,At risk of poverty rate (cut-off point: 60% of median equivalised income after social transfers),Total,Total,Hungary,2022,12.1,
ESTAT:ILC_LI02(1.0),06/12/24 23:00:00,Annual,Percentage,At risk of poverty rate (cut-off point: 60% of median equivalised income after social transfers),Total,Total,Ireland,2014,16.8,
ESTAT:ILC_LI02(1.0),06/12/24 23:00:00,Annual,Percentage,At risk of poverty rate (cut-off point: 60% of median equivalised income after social transfers),Total,Total,Ireland,2015,16.2,
ESTAT:ILC_LI02(1.0),06/12/24 23:00:00,Annual,Percentage,At risk of poverty rate (cut-off point: 60% of median equivalised income after social transfers),Total,Total,Ireland,2016,16.8,
ESTAT:ILC_LI02(1.0),06/12/24 23:00:00,Annual,Percentage,At risk of poverty rate (cut-off point: 60% of median equivalised income after social transfers),Total,Total,Ireland,2017,15.6,
ESTAT:ILC_LI02(1.0),06/12/24 23:00:00,Annual,Percentage,At risk of poverty rate (cut-off point: 60% of median equivalised income after social transfers),Total,Total,Ireland,2018,14.9,
ESTAT:ILC_LI02(1.0),06/12/24 23:00:00,Annual,Percentage,At risk of poverty rate (cut-off point: 60% of median equivalised income after social transfers),Total,Total,Ireland,2019,13.4,b
ESTAT:ILC_LI02(1.0),06/12/24 23:00:00,Annual,Percentage,At risk of poverty rate (cut-off point: 60% of median equivalised income after social transfers),Total,Total,Ireland,2020,12.8,b
ESTAT:ILC_LI02(1.0),06/12/24 23:00:00,Annual,Percentage,At risk of poverty rate (cut-off point: 60% of median equivalised income after social transfers),Total,Total,Ireland,2021,12.8,
ESTAT:ILC_LI02(1.0),06/12/24 23:00:00,Annual,Percentage,At risk of poverty rate (cut-off point: 60% of median equivalised income after social transfers),Total,Total,Ireland,2022,13.4,
ESTAT:ILC_LI02(1.0),06/12/24 23:00:00,Annual,Percentage,At risk of poverty rate (cut-off point: 60% of median equivalised income after social transfers),Total,Total,Iceland,2014,7.9,
ESTAT:ILC_LI02(1.0),06/12/24 23:00:00,Annual,Percentage,At risk of poverty rate (cut-off point: 60% of median equivalised income after social transfers),Total,Total,Iceland,2015,9.2,
ESTAT:ILC_LI02(1.0),06/12/24 23:00:00,Annual,Percentage,At risk of poverty rate (cut-off point: 60% of median equivalised income after social transfers),Total,Total,Iceland,2016,8.8,
ESTAT:ILC_LI02(1.0),06/12/24 23:00:00,Annual,Percentage,At risk of poverty rate (cut-off point: 60% of median equivalised income after social transfers),Total,Total,Iceland,2017,10.1,
ESTAT:ILC_LI02(1.0),06/12/24 23:00:00,Annual,Percentage,At risk of poverty rate (cut-off point: 60% of median equivalised income after social transfers),Total,Total,Iceland,2018,8.8,
ESTAT:ILC_LI02(1.0),06/12/24 23:00:00,Annual,Percentage,At risk of poverty rate (cut-off point: 60% of median equivalised income after social transfers),Total,Total,Iceland,2019,9.3,
ESTAT:ILC_LI02(1.0),06/12/24 23:00:00,Annual,Percentage,At risk of poverty rate (cut-off point: 60% of median equivalised income after social transfers),Total,Total,Italy,2014,19.4,
ESTAT:ILC_LI02(1.0),06/12/24 23:00:00,Annual,Percentage,At risk of poverty rate (cut-off point: 60% of median equivalised income after social transfers),Total,Total,Italy,2015,19.9,
ESTAT:ILC_LI02(1.0),06/12/24 23:00:00,Annual,Percentage,At risk of poverty rate (cut-off point: 60% of median equivalised income after social transfers),Total,Total,Italy,2016,20.6,
ESTAT:ILC_LI02(1.0),06/12/24 23:00:00,Annual,Percentage,At risk of poverty rate (cut-off point: 60% of median equivalised income after social transfers),Total,Total,Italy,2017,20.3,
ESTAT:ILC_LI02(1.0),06/12/24 23:00:00,Annual,Percentage,At risk of poverty rate (cut-off point: 60% of median equivalised income after social transfers),Total,Total,Italy,2018,20.3,
ESTAT:ILC_LI02(1.0),06/12/24 23:00:00,Annual,Percentage,At risk of poverty rate (cut-off point: 60% of median equivalised income after social transfers),Total,Total,Italy,2019,20.1,
ESTAT:ILC_LI02(1.0),06/12/24 23:00:00,Annual,Percentage,At risk of poverty rate (cut-off point: 60% of median equivalised income after social transfers),Total,Total,Italy,2020,20.0,
ESTAT:ILC_LI02(1.0),06/12/24 23:00:00,Annual,Percentage,At risk of poverty rate (cut-off point: 60% of median equivalised income after social transfers),Total,Total,Italy,2021,20.1,
ESTAT:ILC_LI02(1.0),06/12/24 23:00:00,Annual,Percentage,At risk of poverty rate (cut-off point: 60% of median equivalised income after social transfers),Total,Total,Italy,2022,20.1,
ESTAT:ILC_LI02(1.0),06/12/24 23:00:00,Annual,Percentage,At risk of poverty rate (cut-off point: 60% of median equivalised income after social transfers),Total,Total,Lithuania,2014,19.1,
ESTAT:ILC_LI02(1.0),06/12/24 23:00:00,Annual,Percentage,At risk of poverty rate (cut-off point: 60% of median equivalised income after social transfers),Total,Total,Lithuania,2015,22.2,
ESTAT:ILC_LI02(1.0),06/12/24 23:00:00,Annual,Percentage,At risk of poverty rate (cut-off point: 60% of median equivalised income after social transfers),Total,Total,Lithuania,2016,21.9,
ESTAT:ILC_LI02(1.0),06/12/24 23:00:00,Annual,Percentage,At risk of poverty rate (cut-off point: 60% of median equivalised income after social transfers),Total,Total,Lithuania,2017,22.9,
ESTAT:ILC_LI02(1.0),06/12/24 23:00:00,Annual,Percentage,At risk of poverty rate (cut-off point: 60% of median equivalised income after social transfers),Total,Total,Lithuania,2018,22.9,
ESTAT:ILC_LI02(1.0),06/12/24 23:00:00,Annual,Percentage,At risk of poverty rate (cut-off point: 60% of median equivalised income after social transfers),Total,Total,Lithuania,2019,20.6,
ESTAT:ILC_LI02(1.0),06/12/24 23:00:00,Annual,Percentage,At risk of poverty rate (cut-off point: 60% of median equivalised income after social transfers),Total,Total,Lithuania,2020,20.9,
ESTAT:ILC_LI02(1.0),06/12/24 23:00:00,Annual,Percentage,At risk of poverty rate (cut-off point: 60% of median equivalised income after social transfers),Total,Total,Lithuania,2021,20.0,
ESTAT:ILC_LI02(1.0),06/12/24 23:00:00,Annual,Percentage,At risk of poverty rate (cut-off point: 60% of median equivalised income after social transfers),Total,Total,Lithuania,2022,20.9,
ESTAT:ILC_LI02(1.0),06/12/24 23:00:00,Annual,Percentage,At risk of poverty rate (cut-off point: 60% of median equivalised income after social transfers),Total,Total,Luxembourg,2014,16.4,
ESTAT:ILC_LI02(1.0),06/12/24 23:00:00,Annual,Percentage,At risk of poverty rate (cut-off point: 60% of median equivalised income after social transfers),Total,Total,Luxembourg,2015,15.3,
ESTAT:ILC_LI02(1.0),06/12/24 23:00:00,Annual,Percentage,At risk of poverty rate (cut-off point: 60% of median equivalised income after social transfers),Total,Total,Luxembourg,2016,15.8,b
ESTAT:ILC_LI02(1.0),06/12/24 23:00:00,Annual,Percentage,At risk of poverty rate (cut-off point: 60% of median equivalised income after social transfers),Total,Total,Luxembourg,2017,16.4,
ESTAT:ILC_LI02(1.0),06/12/24 23:00:00,Annual,Percentage,At risk of poverty rate (cut-off point: 60% of median equivalised income after social transfers),Total,Total,Luxembourg,2018,16.7,
ESTAT:ILC_LI02(1.0),06/12/24 23:00:00,Annual,Percentage,At risk of poverty rate (cut-off point: 60% of median equivalised income after social transfers),Total,Total,Luxembourg,2019,17.5,
ESTAT:ILC_LI02(1.0),06/12/24 23:00:00,Annual,Percentage,At risk of poverty rate (cut-off point: 60% of median equivalised income after social transfers),Total,Total,Luxembourg,2020,17.4,b
ESTAT:ILC_LI02(1.0),06/12/24 23:00:00,Annual,Percentage,At risk of poverty rate (cut-off point: 60% of median equivalised income after social transfers),Total,Total,Luxembourg,2021,18.1,b
ESTAT:ILC_LI02(1.0),06/12/24 23:00:00,Annual,Percentage,At risk of poverty rate (cut-off point: 60% of median equivalised income after social transfers),Total,Total,Luxembourg,2022,17.3,b
ESTAT:ILC_LI02(1.0),06/12/24 23:00:00,Annual,Percentage,At risk of poverty rate (cut-off point: 60% of median equivalised income after social transfers),Total,Total,Latvia,2014,21.2,
ESTAT:ILC_LI02(1.0),06/12/24 23:00:00,Annual,Percentage,At risk of poverty rate (cut-off point: 60% of median equivalised income after social transfers),Total,Total,Latvia,2015,22.5,
ESTAT:ILC_LI02(1.0),06/12/24 23:00:00,Annual,Percentage,At risk of poverty rate (cut-off point: 60% of median equivalised income after social transfers),Total,Total,Latvia,2016,21.8,
ESTAT:ILC_LI02(1.0),06/12/24 23:00:00,Annual,Percentage,At risk of poverty rate (cut-off point: 60% of median equivalised income after social transfers),Total,Total,Latvia,2017,22.1,
ESTAT:ILC_LI02(1.0),06/12/24 23:00:00,Annual,Percentage,At risk of poverty rate (cut-off point: 60% of median equivalised income after social transfers),Total,Total,Latvia,2018,23.3,
ESTAT:ILC_LI02(1.0),06/12/24 23:00:00,Annual,Percentage,At risk of poverty rate (cut-off point: 60% of median equivalised income after social transfers),Total,Total,Latvia,2019,22.9,
ESTAT:ILC_LI02(1.0),06/12/24 23:00:00,Annual,Percentage,At risk of poverty rate (cut-off point: 60% of median equivalised income after social transfers),Total,Total,Latvia,2020,21.6,
ESTAT:ILC_LI02(1.0),06/12/24 23:00:00,Annual,Percentage,At risk of poverty rate (cut-off point: 60% of median equivalised income after social transfers),Total,Total,Latvia,2021,23.4,
ESTAT:ILC_LI02(1.0),06/12/24 23:00:00,Annual,Percentage,At risk of poverty rate (cut-off point: 60% of median equivalised income after social transfers),Total,Total,Latvia,2022,22.5,
ESTAT:ILC_LI02(1.0),06/12/24 23:00:00,Annual,Percentage,At risk of poverty rate (cut-off point: 60% of median equivalised income after social transfers),Total,Total,Montenegro,2014,24.1,
ESTAT:ILC_LI02(1.0),06/12/24 23:00:00,Annual,Percentage,At risk of poverty rate (cut-off point: 60% of median equivalised income after social transfers),Total,Total,Montenegro,2015,24.4,
ESTAT:ILC_LI02(1.0),06/12/24 23:00:00,Annual,Percentage,At risk of poverty rate (cut-off point: 60% of median equivalised income after social transfers),Total,Total,Montenegro,2016,24.0,
ESTAT:ILC_LI02(1.0),06/12/24 23:00:00,Annual,Percentage,At risk of poverty rate (cut-off point: 60% of median equivalised income after social transfers),Total,Total,Montenegro,2017,23.6,
ESTAT:ILC_LI02(1.0),06/12/24 23:00:00,Annual,Percentage,At risk of poverty rate (cut-off point: 60% of median equivalised income after social transfers),Total,Total,Montenegro,2018,23.8,
ESTAT:ILC_LI02(1.0),06/12/24 23:00:00,Annual,Percentage,At risk of poverty rate (cut-off point: 60% of median equivalised income after social transfers),Total,Total,Montenegro,2019,24.5,
ESTAT:ILC_LI02(1.0),06/12/24 23:00:00,Annual,Percentage,At risk of poverty rate (cut-off point: 60% of median equivalised income after social transfers),Total,Total,Montenegro,2020,22.6,
ESTAT:ILC_LI02(1.0),06/12/24 23:00:00,Annual,Percentage,At risk of poverty rate (cut-off point: 60% of median equivalised income after social transfers),Total,Total,Montenegro,2021,21.2,
ESTAT:ILC_LI02(1.0),06/12/24 23:00:00,Annual,Percentage,At risk of poverty rate (cut-off point: 60% of median equivalised income after social transfers),Total,Total,Montenegro,2022,20.3,
ESTAT:ILC_LI02(1.0),06/12/24 23:00:00,Annual,Percentage,At risk of poverty rate (cut-off point: 60% of median equivalised income after social transfers),Total,Total,North Macedonia,2014,22.1,
ESTAT:ILC_LI02(1.0),06/12/24 23:00:00,Annual,Percentage,At risk of poverty rate (cut-off point: 60% of median equivalised income after social transfers),Total,Total,North Macedonia,2015,21.5,
ESTAT:ILC_LI02(1.0),06/12/24 23:00:00,Annual,Percentage,At risk of poverty rate (cut-off point: 60% of median equivalised income after social transfers),Total,Total,North Macedonia,2016,21.9,
ESTAT:ILC_LI02(1.0),06/12/24 23:00:00,Annual,Percentage,At risk of poverty rate (cut-off point: 60% of median equivalised income after social transfers),Total,Total,North Macedonia,2017,22.2,
ESTAT:ILC_LI02(1.0),06/12/24 23:00:00,Annual,Percentage,At risk of poverty rate (cut-off point: 60% of median equivalised income after social transfers),Total,Total,North Macedonia,2018,21.9,
ESTAT:ILC_LI02(1.0),06/12/24 23:00:00,Annual,Percentage,At risk of poverty rate (cut-off point: 60% of median equivalised income after social transfers),Total,Total,North Macedonia,2019,21.6,
ESTAT:ILC_LI02(1.0),06/12/24 23:00:00,Annual,Percentage,At risk of poverty rate (cut-off point: 60% of median equivalised income after social transfers),Total,Total,North Macedonia,2020,21.8,
ESTAT:ILC_LI02(1.0),06/12/24 23:00:00,Annual,Percentage,At risk of poverty rate (cut-off point: 60% of median equivalised income after social transfers),Total,Total,Malta,2014,15.8,
ESTAT:ILC_LI02(1.0),06/12/24 23:00:00,Annual,Percentage,At risk of poverty rate (cut-off point: 60% of median equivalised income after social transfers),Total,Total,Malta,2015,16.6,
ESTAT:ILC_LI02(1.0),06/12/24 23:00:00,Annual,Percentage,At risk of poverty rate (cut-off point: 60% of median equivalised income after social transfers),Total,Total,Malta,2016,16.5,
ESTAT:ILC_LI02(1.0),06/12/24 23:00:00,Annual,Percentage,At risk of poverty rate (cut-off point: 60% of median equivalised income after social transfers),Total,Total,Malta,2017,16.7,
ESTAT:ILC_LI02(1.0),06/12/24 23:00:00,Annual,Percentage,At risk of poverty rate (cut-off point: 60% of median equivalised income after social transfers),Total,Total,Malta,2018,16.8,
ESTAT:ILC_LI02(1.0),06/12/24 23:00:00,Annual,Percentage,At risk of poverty rate (cut-off point: 60% of median equivalised income after social transfers),Total,Total,Malta,2019,17.1,
ESTAT:ILC_LI02(1.0),06/12/24 23:00:00,Annual,Percentage,At risk of poverty rate (cut-off point: 60% of median equivalised income after social transfers),Total,Total,Malta,2020,16.9,
ESTAT:ILC_LI02(1.0),06/12/24 23:00:00,Annual,Percentage,At risk of poverty rate (cut-off point: 60% of median equivalised income after social transfers),Total,Total,Malta,2021,16.9,
ESTAT:ILC_LI02(1.0),06/12/24 23:00:00,Annual,Percentage,At risk of poverty rate (cut-off point: 60% of median equivalised income after social transfers),Total,Total,Malta,2022,16.7,
ESTAT:ILC_LI02(1.0),06/12/24 23:00:00,Annual,Percentage,At risk of poverty rate (cut-off point: 60% of median equivalised income after social transfers),Total,Total,Netherlands,2014,11.6,
ESTAT:ILC_LI02(1.0),06/12/24 23:00:00,Annual,Percentage,At risk of poverty rate (cut-off point: 60% of median equivalised income after social transfers),Total,Total,Netherlands,2015,11.6,
ESTAT:ILC_LI02(1.0),06/12/24 23:00:00,Annual,Percentage,At risk of poverty rate (cut-off point: 60% of median equivalised income after social transfers),Total,Total,Netherlands,2016,12.7,b
ESTAT:ILC_LI02(1.0),06/12/24 23:00:00,Annual,Percentage,At risk of poverty rate (cut-off point: 60% of median equivalised income after social transfers),Total,Total,Netherlands,2017,13.2,
ESTAT:ILC_LI02(1.0),06/12/24 23:00:00,Annual,Percentage,At risk of poverty rate (cut-off point: 60% of median equivalised income after social transfers),Total,Total,Netherlands,2018,13.3,
ESTAT:ILC_LI02(1.0),06/12/24 23:00:00,Annual,Percentage,At risk of poverty rate (cut-off point: 60% of median equivalised income after social transfers),Total,Total,Netherlands,2019,13.2,
ESTAT:ILC_LI02(1.0),06/12/24 23:00:00,Annual,Percentage,At risk of poverty rate (cut-off point: 60% of median equivalised income after social transfers),Total,Total,Netherlands,2020,13.4,
ESTAT:ILC_LI02(1.0),06/12/24 23:00:00,Annual,Percentage,At risk of poverty rate (cut-off point: 60% of median equivalised income after social transfers),Total,Total,Netherlands,2021,14.4,
ESTAT:ILC_LI02(1.0),06/12/24 23:00:00,Annual,Percentage,At risk of poverty rate (cut-off point: 60% of median equivalised income after social transfers),Total,Total,Netherlands,2022,14.5,
ESTAT:ILC_LI02(1.0),06/12/24 23:00:00,Annual,Percentage,At risk of poverty rate (cut-off point: 60% of median equivalised income after social transfers),Total,Total,Norway,2014,10.9,
ESTAT:ILC_LI02(1.0),06/12/24 23:00:00,Annual,Percentage,At risk of poverty rate (cut-off point: 60% of median equivalised income after social transfers),Total,Total,Norway,2015,11.9,
ESTAT:ILC_LI02(1.0),06/12/24 23:00:00,Annual,Percentage,At risk of poverty rate (cut-off point: 60% of median equivalised income after social transfers),Total,Total,Norway,2016,12.2,
ESTAT:ILC_LI02(1.0),06/12/24 23:00:00,Annual,Percentage,At risk of poverty rate (cut-off point: 60% of median equivalised income after social transfers),Total,Total,Norway,2017,12.3,
ESTAT:ILC_LI02(1.0),06/12/24 23:00:00,Annual,Percentage,At risk of poverty rate (cut-off point: 60% of median equivalised income after social transfers),Total,Total,Norway,2018,12.9,
ESTAT:ILC_LI02(1.0),06/12/24 23:00:00,Annual,Percentage,At risk of poverty rate (cut-off point: 60% of median equivalised income after social transfers),Total,Total,Norway,2019,12.7,
ESTAT:ILC_LI02(1.0),06/12/24 23:00:00,Annual,Percentage,At risk of poverty rate (cut-off point: 60% of median equivalised income after social transfers),Total,Total,Norway,2020,12.7,
ESTAT:ILC_LI02(1.0),06/12/24 23:00:00,Annual,Percentage,At risk of poverty rate (cut-off point: 60% of median equivalised income after social transfers),Total,Total,Norway,2021,12.6,b
ESTAT:ILC_LI02(1.0),06/12/24 23:00:00,Annual,Percentage,At risk of poverty rate (cut-off point: 60% of median equivalised income after social transfers),Total,Total,Norway,2022,12.2,
ESTAT:ILC_LI02(1.0),06/12/24 23:00:00,Annual,Percentage,At risk of poverty rate (cut-off point: 60% of median equivalised income after social transfers),Total,Total,Poland,2014,17.0,
ESTAT:ILC_LI02(1.0),06/12/24 23:00:00,Annual,Percentage,At risk of poverty rate (cut-off point: 60% of median equivalised income after social transfers),Total,Total,Poland,2015,17.6,
ESTAT:ILC_LI02(1.0),06/12/24 23:00:00,Annual,Percentage,At risk of poverty rate (cut-off point: 60% of median equivalised income after social transfers),Total,Total,Poland,2016,17.3,
ESTAT:ILC_LI02(1.0),06/12/24 23:00:00,Annual,Percentage,At risk of poverty rate (cut-off point: 60% of median equivalised income after social transfers),Total,Total,Poland,2017,15.0,
ESTAT:ILC_LI02(1.0),06/12/24 23:00:00,Annual,Percentage,At risk of poverty rate (cut-off point: 60% of median equivalised income after social transfers),Total,Total,Poland,2018,14.8,
ESTAT:ILC_LI02(1.0),06/12/24 23:00:00,Annual,Percentage,At risk of poverty rate (cut-off point: 60% of median equivalised income after social transfers),Total,Total,Poland,2019,15.4,
ESTAT:ILC_LI02(1.0),06/12/24 23:00:00,Annual,Percentage,At risk of poverty rate (cut-off point: 60% of median equivalised income after social transfers),Total,Total,Poland,2020,14.8,
ESTAT:ILC_LI02(1.0),06/12/24 23:00:00,Annual,Percentage,At risk of poverty rate (cut-off point: 60% of median equivalised income after social transfers),Total,Total,Poland,2021,14.8,
ESTAT:ILC_LI02(1.0),06/12/24 23:00:00,Annual,Percentage,At risk of poverty rate (cut-off point: 60% of median equivalised income after social transfers),Total,Total,Poland,2022,13.7,
ESTAT:ILC_LI02(1.0),06/12/24 23:00:00,Annual,Percentage,At risk of poverty rate (cut-off point: 60% of median equivalised income after social transfers),Total,Total,Portugal,2014,19.5,
ESTAT:ILC_LI02(1.0),06/12/24 23:00:00,Annual,Percentage,At risk of poverty rate (cut-off point: 60% of median equivalised income after social transfers),Total,Total,Portugal,2015,19.5,
ESTAT:ILC_LI02(1.0),06/12/24 23:00:00,Annual,Percentage,At risk of poverty rate (cut-off point: 60% of median equivalised income after social transfers),Total,Total,Portugal,2016,19.0,
ESTAT:ILC_LI02(1.0),06/12/24 23:00:00,Annual,Percentage,At risk of poverty rate (cut-off point: 60% of median equivalised income after social transfers),Total,Total,Portugal,2017,18.3,
ESTAT:ILC_LI02(1.0),06/12/24 23:00:00,Annual,Percentage,At risk of poverty rate (cut-off point: 60% of median equivalised income after social transfers),Total,Total,Portugal,2018,17.3,
ESTAT:ILC_LI02(1.0),06/12/24 23:00:00,Annual,Percentage,At risk of poverty rate (cut-off point: 60% of median equivalised income after social transfers),Total,Total,Portugal,2019,17.2,
ESTAT:ILC_LI02(1.0),06/12/24 23:00:00,Annual,Percentage,At risk of poverty rate (cut-off point: 60% of median equivalised income after social transfers),Total,Total,Portugal,2020,16.2,
ESTAT:ILC_LI02(1.0),06/12/24 23:00:00,Annual,Percentage,At risk of poverty rate (cut-off point: 60% of median equivalised income after social transfers),Total,Total,Portugal,2021,18.4,
ESTAT:ILC_LI02(1.0),06/12/24 23:00:00,Annual,Percentage,At risk of poverty rate (cut-off point: 60% of median equivalised income after social transfers),Total,Total,Portugal,2022,16.4,
ESTAT:ILC_LI02(1.0),06/12/24 23:00:00,Annual,Percentage,At risk of poverty rate (cut-off point: 60% of median equivalised income after social transfers),Total,Total,Romania,2014,25.1,
ESTAT:ILC_LI02(1.0),06/12/24 23:00:00,Annual,Percentage,At risk of poverty rate (cut-off point: 60% of median equivalised income after social transfers),Total,Total,Romania,2015,25.4,
ESTAT:ILC_LI02(1.0),06/12/24 23:00:00,Annual,Percentage,At risk of poverty rate (cut-off point: 60% of median equivalised income after social transfers),Total,Total,Romania,2016,25.3,
ESTAT:ILC_LI02(1.0),06/12/24 23:00:00,Annual,Percentage,At risk of poverty rate (cut-off point: 60% of median equivalised income after social transfers),Total,Total,Romania,2017,23.6,
ESTAT:ILC_LI02(1.0),06/12/24 23:00:00,Annual,Percentage,At risk of poverty rate (cut-off point: 60% of median equivalised income after social transfers),Total,Total,Romania,2018,23.5,
ESTAT:ILC_LI02(1.0),06/12/24 23:00:00,Annual,Percentage,At risk of poverty rate (cut-off point: 60% of median equivalised income after social transfers),Total,Total,Romania,2019,23.8,
ESTAT:ILC_LI02(1.0),06/12/24 23:00:00,Annual,Percentage,At risk of poverty rate (cut-off point: 60% of median equivalised income after social transfers),Total,Total,Romania,2020,23.4,
ESTAT:ILC_LI02(1.0),06/12/24 23:00:00,Annual,Percentage,At risk of poverty rate (cut-off point: 60% of median equivalised income after social transfers),Total,Total,Romania,2021,22.5,
ESTAT:ILC_LI02(1.0),06/12/24 23:00:00,Annual,Percentage,At risk of poverty rate (cut-off point: 60% of median equivalised income after social transfers),Total,Total,Romania,2022,21.2,
ESTAT:ILC_LI02(1.0),06/12/24 23:00:00,Annual,Percentage,At risk of poverty rate (cut-off point: 60% of median equivalised income after social transfers),Total,Total,Serbia,2014,25.0,
ESTAT:ILC_LI02(1.0),06/12/24 23:00:00,Annual,Percentage,At risk of poverty rate (cut-off point: 60% of median equivalised income after social transfers),Total,Total,Serbia,2015,26.7,
ESTAT:ILC_LI02(1.0),06/12/24 23:00:00,Annual,Percentage,At risk of poverty rate (cut-off point: 60% of median equivalised income after social transfers),Total,Total,Serbia,2016,25.9,
ESTAT:ILC_LI02(1.0),06/12/24 23:00:00,Annual,Percentage,At risk of poverty rate (cut-off point: 60% of median equivalised income after social transfers),Total,Total,Serbia,2017,25.7,
ESTAT:ILC_LI02(1.0),06/12/24 23:00:00,Annual,Percentage,At risk of poverty rate (cut-off point: 60% of median equivalised income after social transfers),Total,Total,Serbia,2018,24.3,
ESTAT:ILC_LI02(1.0),06/12/24 23:00:00,Annual,Percentage,At risk of poverty rate (cut-off point: 60% of median equivalised income after social transfers),Total,Total,Serbia,2019,23.2,
ESTAT:ILC_LI02(1.0),06/12/24 23:00:00,Annual,Percentage,At risk of poverty rate (cut-off point: 60% of median equivalised income after social transfers),Total,Total,Serbia,2020,21.7,
ESTAT:ILC_LI02(1.0),06/12/24 23:00:00,Annual,Percentage,At risk of poverty rate (cut-off point: 60% of median equivalised income after social transfers),Total,Total,Serbia,2021,21.2,
ESTAT:ILC_LI02(1.0),06/12/24 23:00:00,Annual,Percentage,At risk of poverty rate (cut-off point: 60% of median equivalised income after social transfers),Total,Total,Serbia,2022,20.0,
ESTAT:ILC_LI02(1.0),06/12/24 23:00:00,Annual,Percentage,At risk of poverty rate (cut-off point: 60% of median equivalised income after social transfers),Total,Total,Sweden,2014,15.6,
ESTAT:ILC_LI02(1.0),06/12/24 23:00:00,Annual,Percentage,At risk of poverty rate (cut-off point: 60% of median equivalised income after social transfers),Total,Total,Sweden,2015,16.3,
ESTAT:ILC_LI02(1.0),06/12/24 23:00:00,Annual,Percentage,At risk of poverty rate (cut-off point: 60% of median equivalised income after social transfers),Total,Total,Sweden,2016,16.2,
ESTAT:ILC_LI02(1.0),06/12/24 23:00:00,Annual,Percentage,At risk of poverty rate (cut-off point: 60% of median equivalised income after social transfers),Total,Total,Sweden,2017,15.8,
ESTAT:ILC_LI02(1.0),06/12/24 23:00:00,Annual,Percentage,At risk of poverty rate (cut-off point: 60% of median equivalised income after social transfers),Total,Total,Sweden,2018,16.4,
ESTAT:ILC_LI02(1.0),06/12/24 23:00:00,Annual,Percentage,At risk of poverty rate (cut-off point: 60% of median equivalised income after social transfers),Total,Total,Sweden,2019,17.1,
ESTAT:ILC_LI02(1.0),06/12/24 23:00:00,Annual,Percentage,At risk of poverty rate (cut-off point: 60% of median equivalised income after social transfers),Total,Total,Sweden,2020,16.1,
ESTAT:ILC_LI02(1.0),06/12/24 23:00:00,Annual,Percentage,At risk of poverty rate (cut-off point: 60% of median equivalised income after social transfers),Total,Total,Sweden,2021,15.7,
ESTAT:ILC_LI02(1.0),06/12/24 23:00:00,Annual,Percentage,At risk of poverty rate (cut-off point: 60% of median equivalised income after social transfers),Total,Total,Sweden,2022,16.0,
ESTAT:ILC_LI02(1.0),06/12/24 23:00:00,Annual,Percentage,At risk of poverty rate (cut-off point: 60% of median equivalised income after social transfers),Total,Total,Slovenia,2014,14.5,
ESTAT:ILC_LI02(1.0),06/12/24 23:00:00,Annual,Percentage,At risk of poverty rate (cut-off point: 60% of median equivalised income after social transfers),Total,Total,Slovenia,2015,14.3,
ESTAT:ILC_LI02(1.0),06/12/24 23:00:00,Annual,Percentage,At risk of poverty rate (cut-off point: 60% of median equivalised income after social transfers),Total,Total,Slovenia,2016,13.9,
ESTAT:ILC_LI02(1.0),06/12/24 23:00:00,Annual,Percentage,At risk of poverty rate (cut-off point: 60% of median equivalised income after social transfers),Total,Total,Slovenia,2017,13.3,
ESTAT:ILC_LI02(1.0),06/12/24 23:00:00,Annual,Percentage,At risk of poverty rate (cut-off point: 60% of median equivalised income after social transfers),Total,Total,Slovenia,2018,13.3,
ESTAT:ILC_LI02(1.0),06/12/24 23:00:00,Annual,Percentage,At risk of poverty rate (cut-off point: 60% of median equivalised income after social transfers),Total,Total,Slovenia,2019,12.0,
ESTAT:ILC_LI02(1.0),06/12/24 23:00:00,Annual,Percentage,At risk of poverty rate (cut-off point: 60% of median equivalised income after social transfers),Total,Total,Slovenia,2020,12.4,
ESTAT:ILC_LI02(1.0),06/12/24 23:00:00,Annual,Percentage,At risk of poverty rate (cut-off point: 60% of median equivalised income after social transfers),Total,Total,Slovenia,2021,11.7,
ESTAT:ILC_LI02(1.0),06/12/24 23:00:00,Annual,Percentage,At risk of poverty rate (cut-off point: 60% of median equivalised income after social transfers),Total,Total,Slovenia,2022,12.1,
ESTAT:ILC_LI02(1.0),06/12/24 23:00:00,Annual,Percentage,At risk of poverty rate (cut-off point: 60% of median equivalised income after social transfers),Total,Total,Slovakia,2014,12.6,
ESTAT:ILC_LI02(1.0),06/12/24 23:00:00,Annual,Percentage,At risk of poverty rate (cut-off point: 60% of median equivalised income after social transfers),Total,Total,Slovakia,2015,12.3,
ESTAT:ILC_LI02(1.0),06/12/24 23:00:00,Annual,Percentage,At risk of poverty rate (cut-off point: 60% of median equivalised income after social transfers),Total,Total,Slovakia,2016,12.7,
ESTAT:ILC_LI02(1.0),06/12/24 23:00:00,Annual,Percentage,At risk of poverty rate (cut-off point: 60% of median equivalised income after social transfers),Total,Total,Slovakia,2017,12.4,
ESTAT:ILC_LI02(1.0),06/12/24 23:00:00,Annual,Percentage,At risk of poverty rate (cut-off point: 60% of median equivalised income after social transfers),Total,Total,Slovakia,2018,12.2,
ESTAT:ILC_LI02(1.0),06/12/24 23:00:00,Annual,Percentage,At risk of poverty rate (cut-off point: 60% of median equivalised income after social transfers),Total,Total,Slovakia,2019,11.9,
ESTAT:ILC_LI02(1.0),06/12/24 23:00:00,Annual,Percentage,At risk of poverty rate (cut-off point: 60% of median equivalised income after social transfers),Total,Total,Slovakia,2020,11.4,
ESTAT:ILC_LI02(1.0),06/12/24 23:00:00,Annual,Percentage,At risk of poverty rate (cut-off point: 60% of median equivalised income after social transfers),Total,Total,Slovakia,2021,12.3,
ESTAT:ILC_LI02(1.0),06/12/24 23:00:00,Annual,Percentage,At risk of poverty rate (cut-off point: 60% of median equivalised income after social transfers),Total,Total,Slovakia,2022,13.7,
ESTAT:ILC_LI02(1.0),06/12/24 23:00:00,Annual,Percentage,At risk of poverty rate (cut-off point: 60% of median equivalised income after social transfers),Total,Total,Türkiye,2014,23.0,
ESTAT:ILC_LI02(1.0),06/12/24 23:00:00,Annual,Percentage,At risk of poverty rate (cut-off point: 60% of median equivalised income after social transfers),Total,Total,Türkiye,2015,22.5,
ESTAT:ILC_LI02(1.0),06/12/24 23:00:00,Annual,Percentage,At risk of poverty rate (cut-off point: 60% of median equivalised income after social transfers),Total,Total,Türkiye,2016,22.8,
ESTAT:ILC_LI02(1.0),06/12/24 23:00:00,Annual,Percentage,At risk of poverty rate (cut-off point: 60% of median equivalised income after social transfers),Total,Total,Türkiye,2017,22.2,
ESTAT:ILC_LI02(1.0),06/12/24 23:00:00,Annual,Percentage,At risk of poverty rate (cut-off point: 60% of median equivalised income after social transfers),Total,Total,Türkiye,2018,22.2,
ESTAT:ILC_LI02(1.0),06/12/24 23:00:00,Annual,Percentage,At risk of poverty rate (cut-off point: 60% of median equivalised income after social transfers),Total,Total,Türkiye,2019,22.4,
ESTAT:ILC_LI02(1.0),06/12/24 23:00:00,Annual,Percentage,At risk of poverty rate (cut-off point: 60% of median equivalised income after social transfers),Total,Total,Türkiye,2020,23.0,
ESTAT:ILC_LI02(1.0),06/12/24 23:00:00,Annual,Percentage,At risk of poverty rate (cut-off point: 60% of median equivalised income after social transfers),Total,Total,Türkiye,2021,22.4,
ESTAT:ILC_LI02(1.0),06/12/24 23:00:00,Annual,Percentage,At risk of poverty rate (cut-off point: 60% of median equivalised income after social transfers),Total,Total,Türkiye,2022,22.4,
ESTAT:ILC_LI02(1.0),06/12/24 23:00:00,Annual,Percentage,At risk of poverty rate (cut-off point: 60% of median equivalised income after social transfers),Total,Total,United Kingdom,2014,16.8,
ESTAT:ILC_LI02(1.0),06/12/24 23:00:00,Annual,Percentage,At risk of poverty rate (cut-off point: 60% of median equivalised income after social transfers),Total,Total,United Kingdom,2015,16.6,
ESTAT:ILC_LI02(1.0),06/12/24 23:00:00,Annual,Percentage,At risk of poverty rate (cut-off point: 60% of median equivalised income after social transfers),Total,Total,United Kingdom,2016,15.9,
ESTAT:ILC_LI02(1.0),06/12/24 23:00:00,Annual,Percentage,At risk of poverty rate (cut-off point: 60% of median equivalised income after social transfers),Total,Total,United Kingdom,2017,17.0,b
ESTAT:ILC_LI02(1.0),06/12/24 23:00:00,Annual,Percentage,At risk of poverty rate (cut-off point: 60% of median equivalised income after social transfers),Total,Total,United Kingdom,2018,18.6,
ESTAT:ILC_LI02(1.0),06/12/24 23:00:00,Annual,Percentage,At risk of poverty rate (cut-off point: 60% of median equivalised income after social transfers),Total,Total,Kosovo*,2018,27.9,
