DATAFLOW,LAST UPDATE,freq,age,sex,unit,geo,TIME_PERIOD,OBS_VALUE,OBS_FLAG
ESTAT:ILC_MDSD11(1.0),04/12/24 23:00:00,Annual,From 16 to 29 years,Total,Percentage,Albania,2017,44.6,
ESTAT:ILC_MDSD11(1.0),04/12/24 23:00:00,Annual,From 16 to 29 years,Total,Percentage,Albania,2018,39.5,
ESTAT:ILC_MDSD11(1.0),04/12/24 23:00:00,Annual,From 16 to 29 years,Total,Percentage,Albania,2019,35.3,
ESTAT:ILC_MDSD11(1.0),04/12/24 23:00:00,Annual,From 16 to 29 years,Total,Percentage,Albania,2020,33.3,
ESTAT:ILC_MDSD11(1.0),04/12/24 23:00:00,Annual,From 16 to 29 years,Total,Percentage,Albania,2021,34.2,
ESTAT:ILC_MDSD11(1.0),04/12/24 23:00:00,Annual,From 16 to 29 years,Total,Percentage,Austria,2015,2.0,
ESTAT:ILC_MDSD11(1.0),04/12/24 23:00:00,Annual,From 16 to 29 years,Total,Percentage,Austria,2016,3.5,
ESTAT:ILC_MDSD11(1.0),04/12/24 23:00:00,Annual,From 16 to 29 years,Total,Percentage,Austria,2017,3.6,
ESTAT:ILC_MDSD11(1.0),04/12/24 23:00:00,Annual,From 16 to 29 years,Total,Percentage,Austria,2018,1.8,
ESTAT:ILC_MDSD11(1.0),04/12/24 23:00:00,Annual,From 16 to 29 years,Total,Percentage,Austria,2019,2.7,
ESTAT:ILC_MDSD11(1.0),04/12/24 23:00:00,Annual,From 16 to 29 years,Total,Percentage,Austria,2020,2.0,
ESTAT:ILC_MDSD11(1.0),04/12/24 23:00:00,Annual,From 16 to 29 years,Total,Percentage,Austria,2021,0.9,
ESTAT:ILC_MDSD11(1.0),04/12/24 23:00:00,Annual,From 16 to 29 years,Total,Percentage,Austria,2022,0.7,
ESTAT:ILC_MDSD11(1.0),04/12/24 23:00:00,Annual,From 16 to 29 years,Total,Percentage,Belgium,2015,6.6,
ESTAT:ILC_MDSD11(1.0),04/12/24 23:00:00,Annual,From 16 to 29 years,Total,Percentage,Belgium,2016,8.3,
ESTAT:ILC_MDSD11(1.0),04/12/24 23:00:00,Annual,From 16 to 29 years,Total,Percentage,Belgium,2017,5.8,
ESTAT:ILC_MDSD11(1.0),04/12/24 23:00:00,Annual,From 16 to 29 years,Total,Percentage,Belgium,2018,5.6,
ESTAT:ILC_MDSD11(1.0),04/12/24 23:00:00,Annual,From 16 to 29 years,Total,Percentage,Belgium,2019,5.5,
ESTAT:ILC_MDSD11(1.0),04/12/24 23:00:00,Annual,From 16 to 29 years,Total,Percentage,Belgium,2020,5.7,
ESTAT:ILC_MDSD11(1.0),04/12/24 23:00:00,Annual,From 16 to 29 years,Total,Percentage,Belgium,2021,5.0,
ESTAT:ILC_MDSD11(1.0),04/12/24 23:00:00,Annual,From 16 to 29 years,Total,Percentage,Belgium,2022,5.4,
ESTAT:ILC_MDSD11(1.0),04/12/24 23:00:00,Annual,From 16 to 29 years,Total,Percentage,Bulgaria,2015,34.1,
ESTAT:ILC_MDSD11(1.0),04/12/24 23:00:00,Annual,From 16 to 29 years,Total,Percentage,Bulgaria,2016,31.9,
ESTAT:ILC_MDSD11(1.0),04/12/24 23:00:00,Annual,From 16 to 29 years,Total,Percentage,Bulgaria,2017,28.3,
ESTAT:ILC_MDSD11(1.0),04/12/24 23:00:00,Annual,From 16 to 29 years,Total,Percentage,Bulgaria,2018,20.5,
ESTAT:ILC_MDSD11(1.0),04/12/24 23:00:00,Annual,From 16 to 29 years,Total,Percentage,Bulgaria,2019,20.6,
ESTAT:ILC_MDSD11(1.0),04/12/24 23:00:00,Annual,From 16 to 29 years,Total,Percentage,Bulgaria,2020,20.5,
ESTAT:ILC_MDSD11(1.0),04/12/24 23:00:00,Annual,From 16 to 29 years,Total,Percentage,Bulgaria,2021,18.3,
ESTAT:ILC_MDSD11(1.0),04/12/24 23:00:00,Annual,From 16 to 29 years,Total,Percentage,Bulgaria,2022,18.0,
ESTAT:ILC_MDSD11(1.0),04/12/24 23:00:00,Annual,From 16 to 29 years,Total,Percentage,Switzerland,2015,1.0,
ESTAT:ILC_MDSD11(1.0),04/12/24 23:00:00,Annual,From 16 to 29 years,Total,Percentage,Switzerland,2016,0.8,
ESTAT:ILC_MDSD11(1.0),04/12/24 23:00:00,Annual,From 16 to 29 years,Total,Percentage,Switzerland,2017,0.6,
ESTAT:ILC_MDSD11(1.0),04/12/24 23:00:00,Annual,From 16 to 29 years,Total,Percentage,Switzerland,2018,1.0,
ESTAT:ILC_MDSD11(1.0),04/12/24 23:00:00,Annual,From 16 to 29 years,Total,Percentage,Switzerland,2019,3.2,
ESTAT:ILC_MDSD11(1.0),04/12/24 23:00:00,Annual,From 16 to 29 years,Total,Percentage,Switzerland,2020,1.6,
ESTAT:ILC_MDSD11(1.0),04/12/24 23:00:00,Annual,From 16 to 29 years,Total,Percentage,Switzerland,2021,1.4,
ESTAT:ILC_MDSD11(1.0),04/12/24 23:00:00,Annual,From 16 to 29 years,Total,Percentage,Switzerland,2022,1.2,
ESTAT:ILC_MDSD11(1.0),04/12/24 23:00:00,Annual,From 16 to 29 years,Total,Percentage,Cyprus,2015,6.9,
ESTAT:ILC_MDSD11(1.0),04/12/24 23:00:00,Annual,From 16 to 29 years,Total,Percentage,Cyprus,2016,5.2,
ESTAT:ILC_MDSD11(1.0),04/12/24 23:00:00,Annual,From 16 to 29 years,Total,Percentage,Cyprus,2017,5.1,
ESTAT:ILC_MDSD11(1.0),04/12/24 23:00:00,Annual,From 16 to 29 years,Total,Percentage,Cyprus,2018,3.2,
ESTAT:ILC_MDSD11(1.0),04/12/24 23:00:00,Annual,From 16 to 29 years,Total,Percentage,Cyprus,2019,2.3,
ESTAT:ILC_MDSD11(1.0),04/12/24 23:00:00,Annual,From 16 to 29 years,Total,Percentage,Cyprus,2020,1.9,
ESTAT:ILC_MDSD11(1.0),04/12/24 23:00:00,Annual,From 16 to 29 years,Total,Percentage,Cyprus,2021,1.3,
ESTAT:ILC_MDSD11(1.0),04/12/24 23:00:00,Annual,From 16 to 29 years,Total,Percentage,Cyprus,2022,2.5,
ESTAT:ILC_MDSD11(1.0),04/12/24 23:00:00,Annual,From 16 to 29 years,Total,Percentage,Czechia,2015,3.4,
ESTAT:ILC_MDSD11(1.0),04/12/24 23:00:00,Annual,From 16 to 29 years,Total,Percentage,Czechia,2016,2.8,
ESTAT:ILC_MDSD11(1.0),04/12/24 23:00:00,Annual,From 16 to 29 years,Total,Percentage,Czechia,2017,3.0,
ESTAT:ILC_MDSD11(1.0),04/12/24 23:00:00,Annual,From 16 to 29 years,Total,Percentage,Czechia,2018,1.8,
ESTAT:ILC_MDSD11(1.0),04/12/24 23:00:00,Annual,From 16 to 29 years,Total,Percentage,Czechia,2019,1.9,
ESTAT:ILC_MDSD11(1.0),04/12/24 23:00:00,Annual,From 16 to 29 years,Total,Percentage,Czechia,2020,1.8,
ESTAT:ILC_MDSD11(1.0),04/12/24 23:00:00,Annual,From 16 to 29 years,Total,Percentage,Czechia,2021,1.5,
ESTAT:ILC_MDSD11(1.0),04/12/24 23:00:00,Annual,From 16 to 29 years,Total,Percentage,Czechia,2022,1.9,
ESTAT:ILC_MDSD11(1.0),04/12/24 23:00:00,Annual,From 16 to 29 years,Total,Percentage,Germany,2015,3.5,
ESTAT:ILC_MDSD11(1.0),04/12/24 23:00:00,Annual,From 16 to 29 years,Total,Percentage,Germany,2016,3.5,
ESTAT:ILC_MDSD11(1.0),04/12/24 23:00:00,Annual,From 16 to 29 years,Total,Percentage,Germany,2017,3.0,
ESTAT:ILC_MDSD11(1.0),04/12/24 23:00:00,Annual,From 16 to 29 years,Total,Percentage,Germany,2018,2.2,
ESTAT:ILC_MDSD11(1.0),04/12/24 23:00:00,Annual,From 16 to 29 years,Total,Percentage,Germany,2019,1.8,
ESTAT:ILC_MDSD11(1.0),04/12/24 23:00:00,Annual,From 16 to 29 years,Total,Percentage,Germany,2020,4.7,b
ESTAT:ILC_MDSD11(1.0),04/12/24 23:00:00,Annual,From 16 to 29 years,Total,Percentage,Germany,2021,4.7,
ESTAT:ILC_MDSD11(1.0),04/12/24 23:00:00,Annual,From 16 to 29 years,Total,Percentage,Germany,2022,6.4,
ESTAT:ILC_MDSD11(1.0),04/12/24 23:00:00,Annual,From 16 to 29 years,Total,Percentage,Denmark,2015,4.7,
ESTAT:ILC_MDSD11(1.0),04/12/24 23:00:00,Annual,From 16 to 29 years,Total,Percentage,Denmark,2016,4.0,
ESTAT:ILC_MDSD11(1.0),04/12/24 23:00:00,Annual,From 16 to 29 years,Total,Percentage,Denmark,2017,4.0,
ESTAT:ILC_MDSD11(1.0),04/12/24 23:00:00,Annual,From 16 to 29 years,Total,Percentage,Denmark,2018,3.9,
ESTAT:ILC_MDSD11(1.0),04/12/24 23:00:00,Annual,From 16 to 29 years,Total,Percentage,Denmark,2019,4.6,
ESTAT:ILC_MDSD11(1.0),04/12/24 23:00:00,Annual,From 16 to 29 years,Total,Percentage,Denmark,2020,4.2,
ESTAT:ILC_MDSD11(1.0),04/12/24 23:00:00,Annual,From 16 to 29 years,Total,Percentage,Denmark,2021,3.4,
ESTAT:ILC_MDSD11(1.0),04/12/24 23:00:00,Annual,From 16 to 29 years,Total,Percentage,Denmark,2022,3.0,
ESTAT:ILC_MDSD11(1.0),04/12/24 23:00:00,Annual,From 16 to 29 years,Total,Percentage,"Euro area (EA11-1999, EA12-2001, EA13-2007, EA15-2008, EA16-2009, EA17-2011, EA18-2014, EA19-2015, EA20-2023)",2015,6.2,
ESTAT:ILC_MDSD11(1.0),04/12/24 23:00:00,Annual,From 16 to 29 years,Total,Percentage,"Euro area (EA11-1999, EA12-2001, EA13-2007, EA15-2008, EA16-2009, EA17-2011, EA18-2014, EA19-2015, EA20-2023)",2016,6.1,
ESTAT:ILC_MDSD11(1.0),04/12/24 23:00:00,Annual,From 16 to 29 years,Total,Percentage,"Euro area (EA11-1999, EA12-2001, EA13-2007, EA15-2008, EA16-2009, EA17-2011, EA18-2014, EA19-2015, EA20-2023)",2017,5.3,
ESTAT:ILC_MDSD11(1.0),04/12/24 23:00:00,Annual,From 16 to 29 years,Total,Percentage,"Euro area (EA11-1999, EA12-2001, EA13-2007, EA15-2008, EA16-2009, EA17-2011, EA18-2014, EA19-2015, EA20-2023)",2018,4.8,
ESTAT:ILC_MDSD11(1.0),04/12/24 23:00:00,Annual,From 16 to 29 years,Total,Percentage,"Euro area (EA11-1999, EA12-2001, EA13-2007, EA15-2008, EA16-2009, EA17-2011, EA18-2014, EA19-2015, EA20-2023)",2019,4.4,
ESTAT:ILC_MDSD11(1.0),04/12/24 23:00:00,Annual,From 16 to 29 years,Total,Percentage,"Euro area (EA11-1999, EA12-2001, EA13-2007, EA15-2008, EA16-2009, EA17-2011, EA18-2014, EA19-2015, EA20-2023)",2020,5.5,
ESTAT:ILC_MDSD11(1.0),04/12/24 23:00:00,Annual,From 16 to 29 years,Total,Percentage,"Euro area (EA11-1999, EA12-2001, EA13-2007, EA15-2008, EA16-2009, EA17-2011, EA18-2014, EA19-2015, EA20-2023)",2021,5.3,
ESTAT:ILC_MDSD11(1.0),04/12/24 23:00:00,Annual,From 16 to 29 years,Total,Percentage,Euro area - 18 countries (2014),2019,4.4,
ESTAT:ILC_MDSD11(1.0),04/12/24 23:00:00,Annual,From 16 to 29 years,Total,Percentage,Euro area - 18 countries (2014),2020,5.5,
ESTAT:ILC_MDSD11(1.0),04/12/24 23:00:00,Annual,From 16 to 29 years,Total,Percentage,Euro area - 19 countries  (2015-2022),2015,6.2,
ESTAT:ILC_MDSD11(1.0),04/12/24 23:00:00,Annual,From 16 to 29 years,Total,Percentage,Euro area - 19 countries  (2015-2022),2016,6.1,
ESTAT:ILC_MDSD11(1.0),04/12/24 23:00:00,Annual,From 16 to 29 years,Total,Percentage,Euro area - 19 countries  (2015-2022),2017,5.3,
ESTAT:ILC_MDSD11(1.0),04/12/24 23:00:00,Annual,From 16 to 29 years,Total,Percentage,Euro area - 19 countries  (2015-2022),2018,4.9,
ESTAT:ILC_MDSD11(1.0),04/12/24 23:00:00,Annual,From 16 to 29 years,Total,Percentage,Euro area - 19 countries  (2015-2022),2019,4.4,
ESTAT:ILC_MDSD11(1.0),04/12/24 23:00:00,Annual,From 16 to 29 years,Total,Percentage,Euro area - 19 countries  (2015-2022),2020,5.5,
ESTAT:ILC_MDSD11(1.0),04/12/24 23:00:00,Annual,From 16 to 29 years,Total,Percentage,Euro area - 19 countries  (2015-2022),2021,5.3,
ESTAT:ILC_MDSD11(1.0),04/12/24 23:00:00,Annual,From 16 to 29 years,Total,Percentage,Euro area – 20 countries (from 2023),2015,6.1,
ESTAT:ILC_MDSD11(1.0),04/12/24 23:00:00,Annual,From 16 to 29 years,Total,Percentage,Euro area – 20 countries (from 2023),2016,6.1,
ESTAT:ILC_MDSD11(1.0),04/12/24 23:00:00,Annual,From 16 to 29 years,Total,Percentage,Euro area – 20 countries (from 2023),2017,5.3,
ESTAT:ILC_MDSD11(1.0),04/12/24 23:00:00,Annual,From 16 to 29 years,Total,Percentage,Euro area – 20 countries (from 2023),2018,4.8,
ESTAT:ILC_MDSD11(1.0),04/12/24 23:00:00,Annual,From 16 to 29 years,Total,Percentage,Euro area – 20 countries (from 2023),2019,4.4,
ESTAT:ILC_MDSD11(1.0),04/12/24 23:00:00,Annual,From 16 to 29 years,Total,Percentage,Euro area – 20 countries (from 2023),2020,5.5,
ESTAT:ILC_MDSD11(1.0),04/12/24 23:00:00,Annual,From 16 to 29 years,Total,Percentage,Euro area – 20 countries (from 2023),2021,5.3,
ESTAT:ILC_MDSD11(1.0),04/12/24 23:00:00,Annual,From 16 to 29 years,Total,Percentage,Euro area – 20 countries (from 2023),2022,5.1,
ESTAT:ILC_MDSD11(1.0),04/12/24 23:00:00,Annual,From 16 to 29 years,Total,Percentage,Estonia,2015,1.0,
ESTAT:ILC_MDSD11(1.0),04/12/24 23:00:00,Annual,From 16 to 29 years,Total,Percentage,Estonia,2016,0.8,
ESTAT:ILC_MDSD11(1.0),04/12/24 23:00:00,Annual,From 16 to 29 years,Total,Percentage,Estonia,2017,1.7,
ESTAT:ILC_MDSD11(1.0),04/12/24 23:00:00,Annual,From 16 to 29 years,Total,Percentage,Estonia,2018,1.8,
ESTAT:ILC_MDSD11(1.0),04/12/24 23:00:00,Annual,From 16 to 29 years,Total,Percentage,Estonia,2019,1.8,
ESTAT:ILC_MDSD11(1.0),04/12/24 23:00:00,Annual,From 16 to 29 years,Total,Percentage,Estonia,2020,1.4,
ESTAT:ILC_MDSD11(1.0),04/12/24 23:00:00,Annual,From 16 to 29 years,Total,Percentage,Estonia,2021,0.6,
ESTAT:ILC_MDSD11(1.0),04/12/24 23:00:00,Annual,From 16 to 29 years,Total,Percentage,Estonia,2022,1.7,
ESTAT:ILC_MDSD11(1.0),04/12/24 23:00:00,Annual,From 16 to 29 years,Total,Percentage,Greece,2015,18.7,
ESTAT:ILC_MDSD11(1.0),04/12/24 23:00:00,Annual,From 16 to 29 years,Total,Percentage,Greece,2016,19.8,
ESTAT:ILC_MDSD11(1.0),04/12/24 23:00:00,Annual,From 16 to 29 years,Total,Percentage,Greece,2017,18.9,
ESTAT:ILC_MDSD11(1.0),04/12/24 23:00:00,Annual,From 16 to 29 years,Total,Percentage,Greece,2018,14.1,
ESTAT:ILC_MDSD11(1.0),04/12/24 23:00:00,Annual,From 16 to 29 years,Total,Percentage,Greece,2019,16.2,
ESTAT:ILC_MDSD11(1.0),04/12/24 23:00:00,Annual,From 16 to 29 years,Total,Percentage,Greece,2020,15.5,
ESTAT:ILC_MDSD11(1.0),04/12/24 23:00:00,Annual,From 16 to 29 years,Total,Percentage,Greece,2021,13.7,
ESTAT:ILC_MDSD11(1.0),04/12/24 23:00:00,Annual,From 16 to 29 years,Total,Percentage,Greece,2022,14.5,
ESTAT:ILC_MDSD11(1.0),04/12/24 23:00:00,Annual,From 16 to 29 years,Total,Percentage,Spain,2015,5.9,
ESTAT:ILC_MDSD11(1.0),04/12/24 23:00:00,Annual,From 16 to 29 years,Total,Percentage,Spain,2016,7.2,
ESTAT:ILC_MDSD11(1.0),04/12/24 23:00:00,Annual,From 16 to 29 years,Total,Percentage,Spain,2017,7.7,
ESTAT:ILC_MDSD11(1.0),04/12/24 23:00:00,Annual,From 16 to 29 years,Total,Percentage,Spain,2018,7.0,
ESTAT:ILC_MDSD11(1.0),04/12/24 23:00:00,Annual,From 16 to 29 years,Total,Percentage,Spain,2019,6.0,
ESTAT:ILC_MDSD11(1.0),04/12/24 23:00:00,Annual,From 16 to 29 years,Total,Percentage,Spain,2020,7.9,
ESTAT:ILC_MDSD11(1.0),04/12/24 23:00:00,Annual,From 16 to 29 years,Total,Percentage,Spain,2021,7.6,
ESTAT:ILC_MDSD11(1.0),04/12/24 23:00:00,Annual,From 16 to 29 years,Total,Percentage,Spain,2022,6.0,
ESTAT:ILC_MDSD11(1.0),04/12/24 23:00:00,Annual,From 16 to 29 years,Total,Percentage,"European Union (EU6-1958, EU9-1973, EU10-1981, EU12-1986, EU15-1995, EU25-2004, EU27-2007, EU28-2013, EU27-2020)",2015,8.0,
ESTAT:ILC_MDSD11(1.0),04/12/24 23:00:00,Annual,From 16 to 29 years,Total,Percentage,"European Union (EU6-1958, EU9-1973, EU10-1981, EU12-1986, EU15-1995, EU25-2004, EU27-2007, EU28-2013, EU27-2020)",2016,7.8,
ESTAT:ILC_MDSD11(1.0),04/12/24 23:00:00,Annual,From 16 to 29 years,Total,Percentage,"European Union (EU6-1958, EU9-1973, EU10-1981, EU12-1986, EU15-1995, EU25-2004, EU27-2007, EU28-2013, EU27-2020)",2017,6.5,
ESTAT:ILC_MDSD11(1.0),04/12/24 23:00:00,Annual,From 16 to 29 years,Total,Percentage,"European Union (EU6-1958, EU9-1973, EU10-1981, EU12-1986, EU15-1995, EU25-2004, EU27-2007, EU28-2013, EU27-2020)",2018,5.8,
ESTAT:ILC_MDSD11(1.0),04/12/24 23:00:00,Annual,From 16 to 29 years,Total,Percentage,"European Union (EU6-1958, EU9-1973, EU10-1981, EU12-1986, EU15-1995, EU25-2004, EU27-2007, EU28-2013, EU27-2020)",2019,5.2,
ESTAT:ILC_MDSD11(1.0),04/12/24 23:00:00,Annual,From 16 to 29 years,Total,Percentage,European Union - 27 countries (2007-2013),2019,5.2,e
ESTAT:ILC_MDSD11(1.0),04/12/24 23:00:00,Annual,From 16 to 29 years,Total,Percentage,European Union - 27 countries (from 2020),2015,8.0,
ESTAT:ILC_MDSD11(1.0),04/12/24 23:00:00,Annual,From 16 to 29 years,Total,Percentage,European Union - 27 countries (from 2020),2016,7.8,
ESTAT:ILC_MDSD11(1.0),04/12/24 23:00:00,Annual,From 16 to 29 years,Total,Percentage,European Union - 27 countries (from 2020),2017,6.7,
ESTAT:ILC_MDSD11(1.0),04/12/24 23:00:00,Annual,From 16 to 29 years,Total,Percentage,European Union - 27 countries (from 2020),2018,5.9,
ESTAT:ILC_MDSD11(1.0),04/12/24 23:00:00,Annual,From 16 to 29 years,Total,Percentage,European Union - 27 countries (from 2020),2019,5.2,
ESTAT:ILC_MDSD11(1.0),04/12/24 23:00:00,Annual,From 16 to 29 years,Total,Percentage,European Union - 27 countries (from 2020),2020,6.1,
ESTAT:ILC_MDSD11(1.0),04/12/24 23:00:00,Annual,From 16 to 29 years,Total,Percentage,European Union - 27 countries (from 2020),2021,5.9,
ESTAT:ILC_MDSD11(1.0),04/12/24 23:00:00,Annual,From 16 to 29 years,Total,Percentage,European Union - 27 countries (from 2020),2022,5.8,
ESTAT:ILC_MDSD11(1.0),04/12/24 23:00:00,Annual,From 16 to 29 years,Total,Percentage,European Union - 28 countries (2013-2020),2015,8.0,
ESTAT:ILC_MDSD11(1.0),04/12/24 23:00:00,Annual,From 16 to 29 years,Total,Percentage,European Union - 28 countries (2013-2020),2016,7.8,
ESTAT:ILC_MDSD11(1.0),04/12/24 23:00:00,Annual,From 16 to 29 years,Total,Percentage,European Union - 28 countries (2013-2020),2017,6.5,
ESTAT:ILC_MDSD11(1.0),04/12/24 23:00:00,Annual,From 16 to 29 years,Total,Percentage,European Union - 28 countries (2013-2020),2018,5.8,
ESTAT:ILC_MDSD11(1.0),04/12/24 23:00:00,Annual,From 16 to 29 years,Total,Percentage,European Union - 28 countries (2013-2020),2019,5.2,
ESTAT:ILC_MDSD11(1.0),04/12/24 23:00:00,Annual,From 16 to 29 years,Total,Percentage,Finland,2015,0.7,
ESTAT:ILC_MDSD11(1.0),04/12/24 23:00:00,Annual,From 16 to 29 years,Total,Percentage,Finland,2016,1.3,
ESTAT:ILC_MDSD11(1.0),04/12/24 23:00:00,Annual,From 16 to 29 years,Total,Percentage,Finland,2017,1.9,
ESTAT:ILC_MDSD11(1.0),04/12/24 23:00:00,Annual,From 16 to 29 years,Total,Percentage,Finland,2018,2.5,
ESTAT:ILC_MDSD11(1.0),04/12/24 23:00:00,Annual,From 16 to 29 years,Total,Percentage,Finland,2019,3.2,
ESTAT:ILC_MDSD11(1.0),04/12/24 23:00:00,Annual,From 16 to 29 years,Total,Percentage,Finland,2020,1.9,
ESTAT:ILC_MDSD11(1.0),04/12/24 23:00:00,Annual,From 16 to 29 years,Total,Percentage,Finland,2021,1.1,
ESTAT:ILC_MDSD11(1.0),04/12/24 23:00:00,Annual,From 16 to 29 years,Total,Percentage,Finland,2022,2.2,
ESTAT:ILC_MDSD11(1.0),04/12/24 23:00:00,Annual,From 16 to 29 years,Total,Percentage,France,2015,5.4,
ESTAT:ILC_MDSD11(1.0),04/12/24 23:00:00,Annual,From 16 to 29 years,Total,Percentage,France,2016,5.5,
ESTAT:ILC_MDSD11(1.0),04/12/24 23:00:00,Annual,From 16 to 29 years,Total,Percentage,France,2017,5.3,
ESTAT:ILC_MDSD11(1.0),04/12/24 23:00:00,Annual,From 16 to 29 years,Total,Percentage,France,2018,5.3,
ESTAT:ILC_MDSD11(1.0),04/12/24 23:00:00,Annual,From 16 to 29 years,Total,Percentage,France,2019,4.4,
ESTAT:ILC_MDSD11(1.0),04/12/24 23:00:00,Annual,From 16 to 29 years,Total,Percentage,France,2020,5.5,b
ESTAT:ILC_MDSD11(1.0),04/12/24 23:00:00,Annual,From 16 to 29 years,Total,Percentage,France,2021,5.9,
ESTAT:ILC_MDSD11(1.0),04/12/24 23:00:00,Annual,From 16 to 29 years,Total,Percentage,France,2022,5.6,b
ESTAT:ILC_MDSD11(1.0),04/12/24 23:00:00,Annual,From 16 to 29 years,Total,Percentage,Croatia,2015,5.1,
ESTAT:ILC_MDSD11(1.0),04/12/24 23:00:00,Annual,From 16 to 29 years,Total,Percentage,Croatia,2016,4.5,
ESTAT:ILC_MDSD11(1.0),04/12/24 23:00:00,Annual,From 16 to 29 years,Total,Percentage,Croatia,2017,3.6,
ESTAT:ILC_MDSD11(1.0),04/12/24 23:00:00,Annual,From 16 to 29 years,Total,Percentage,Croatia,2018,2.3,
ESTAT:ILC_MDSD11(1.0),04/12/24 23:00:00,Annual,From 16 to 29 years,Total,Percentage,Croatia,2019,2.0,
ESTAT:ILC_MDSD11(1.0),04/12/24 23:00:00,Annual,From 16 to 29 years,Total,Percentage,Croatia,2020,1.4,
ESTAT:ILC_MDSD11(1.0),04/12/24 23:00:00,Annual,From 16 to 29 years,Total,Percentage,Croatia,2021,1.4,
ESTAT:ILC_MDSD11(1.0),04/12/24 23:00:00,Annual,From 16 to 29 years,Total,Percentage,Croatia,2022,1.6,
ESTAT:ILC_MDSD11(1.0),04/12/24 23:00:00,Annual,From 16 to 29 years,Total,Percentage,Hungary,2015,23.5,
ESTAT:ILC_MDSD11(1.0),04/12/24 23:00:00,Annual,From 16 to 29 years,Total,Percentage,Hungary,2016,20.2,
ESTAT:ILC_MDSD11(1.0),04/12/24 23:00:00,Annual,From 16 to 29 years,Total,Percentage,Hungary,2017,14.7,
ESTAT:ILC_MDSD11(1.0),04/12/24 23:00:00,Annual,From 16 to 29 years,Total,Percentage,Hungary,2018,10.1,
ESTAT:ILC_MDSD11(1.0),04/12/24 23:00:00,Annual,From 16 to 29 years,Total,Percentage,Hungary,2019,7.8,
ESTAT:ILC_MDSD11(1.0),04/12/24 23:00:00,Annual,From 16 to 29 years,Total,Percentage,Hungary,2020,8.6,
ESTAT:ILC_MDSD11(1.0),04/12/24 23:00:00,Annual,From 16 to 29 years,Total,Percentage,Hungary,2021,9.8,
ESTAT:ILC_MDSD11(1.0),04/12/24 23:00:00,Annual,From 16 to 29 years,Total,Percentage,Hungary,2022,7.4,
ESTAT:ILC_MDSD11(1.0),04/12/24 23:00:00,Annual,From 16 to 29 years,Total,Percentage,Ireland,2015,6.8,
ESTAT:ILC_MDSD11(1.0),04/12/24 23:00:00,Annual,From 16 to 29 years,Total,Percentage,Ireland,2016,8.3,
ESTAT:ILC_MDSD11(1.0),04/12/24 23:00:00,Annual,From 16 to 29 years,Total,Percentage,Ireland,2017,5.6,
ESTAT:ILC_MDSD11(1.0),04/12/24 23:00:00,Annual,From 16 to 29 years,Total,Percentage,Ireland,2018,6.0,
ESTAT:ILC_MDSD11(1.0),04/12/24 23:00:00,Annual,From 16 to 29 years,Total,Percentage,Ireland,2019,3.5,b
ESTAT:ILC_MDSD11(1.0),04/12/24 23:00:00,Annual,From 16 to 29 years,Total,Percentage,Ireland,2020,10.4,b
ESTAT:ILC_MDSD11(1.0),04/12/24 23:00:00,Annual,From 16 to 29 years,Total,Percentage,Ireland,2021,3.9,
ESTAT:ILC_MDSD11(1.0),04/12/24 23:00:00,Annual,From 16 to 29 years,Total,Percentage,Ireland,2022,4.9,
ESTAT:ILC_MDSD11(1.0),04/12/24 23:00:00,Annual,From 16 to 29 years,Total,Percentage,Iceland,2015,1.7,
ESTAT:ILC_MDSD11(1.0),04/12/24 23:00:00,Annual,From 16 to 29 years,Total,Percentage,Iceland,2016,1.0,
ESTAT:ILC_MDSD11(1.0),04/12/24 23:00:00,Annual,From 16 to 29 years,Total,Percentage,Iceland,2017,0.9,
ESTAT:ILC_MDSD11(1.0),04/12/24 23:00:00,Annual,From 16 to 29 years,Total,Percentage,Iceland,2018,0.4,
ESTAT:ILC_MDSD11(1.0),04/12/24 23:00:00,Annual,From 16 to 29 years,Total,Percentage,Iceland,2019,0.4,
ESTAT:ILC_MDSD11(1.0),04/12/24 23:00:00,Annual,From 16 to 29 years,Total,Percentage,Italy,2015,10.1,
ESTAT:ILC_MDSD11(1.0),04/12/24 23:00:00,Annual,From 16 to 29 years,Total,Percentage,Italy,2016,9.0,
ESTAT:ILC_MDSD11(1.0),04/12/24 23:00:00,Annual,From 16 to 29 years,Total,Percentage,Italy,2017,5.5,
ESTAT:ILC_MDSD11(1.0),04/12/24 23:00:00,Annual,From 16 to 29 years,Total,Percentage,Italy,2018,6.2,
ESTAT:ILC_MDSD11(1.0),04/12/24 23:00:00,Annual,From 16 to 29 years,Total,Percentage,Italy,2019,5.8,
ESTAT:ILC_MDSD11(1.0),04/12/24 23:00:00,Annual,From 16 to 29 years,Total,Percentage,Italy,2020,6.0,
ESTAT:ILC_MDSD11(1.0),04/12/24 23:00:00,Annual,From 16 to 29 years,Total,Percentage,Italy,2021,5.7,
ESTAT:ILC_MDSD11(1.0),04/12/24 23:00:00,Annual,From 16 to 29 years,Total,Percentage,Italy,2022,3.6,
ESTAT:ILC_MDSD11(1.0),04/12/24 23:00:00,Annual,From 16 to 29 years,Total,Percentage,Lithuania,2015,13.0,
ESTAT:ILC_MDSD11(1.0),04/12/24 23:00:00,Annual,From 16 to 29 years,Total,Percentage,Lithuania,2016,12.8,
ESTAT:ILC_MDSD11(1.0),04/12/24 23:00:00,Annual,From 16 to 29 years,Total,Percentage,Lithuania,2017,11.5,
ESTAT:ILC_MDSD11(1.0),04/12/24 23:00:00,Annual,From 16 to 29 years,Total,Percentage,Lithuania,2018,9.4,
ESTAT:ILC_MDSD11(1.0),04/12/24 23:00:00,Annual,From 16 to 29 years,Total,Percentage,Lithuania,2019,5.4,
ESTAT:ILC_MDSD11(1.0),04/12/24 23:00:00,Annual,From 16 to 29 years,Total,Percentage,Lithuania,2020,5.5,
ESTAT:ILC_MDSD11(1.0),04/12/24 23:00:00,Annual,From 16 to 29 years,Total,Percentage,Lithuania,2021,4.1,
ESTAT:ILC_MDSD11(1.0),04/12/24 23:00:00,Annual,From 16 to 29 years,Total,Percentage,Lithuania,2022,4.7,
ESTAT:ILC_MDSD11(1.0),04/12/24 23:00:00,Annual,From 16 to 29 years,Total,Percentage,Luxembourg,2015,2.2,
ESTAT:ILC_MDSD11(1.0),04/12/24 23:00:00,Annual,From 16 to 29 years,Total,Percentage,Luxembourg,2016,1.9,
ESTAT:ILC_MDSD11(1.0),04/12/24 23:00:00,Annual,From 16 to 29 years,Total,Percentage,Luxembourg,2017,1.1,
ESTAT:ILC_MDSD11(1.0),04/12/24 23:00:00,Annual,From 16 to 29 years,Total,Percentage,Luxembourg,2018,1.0,
ESTAT:ILC_MDSD11(1.0),04/12/24 23:00:00,Annual,From 16 to 29 years,Total,Percentage,Luxembourg,2019,1.2,
ESTAT:ILC_MDSD11(1.0),04/12/24 23:00:00,Annual,From 16 to 29 years,Total,Percentage,Luxembourg,2020,1.2,b
ESTAT:ILC_MDSD11(1.0),04/12/24 23:00:00,Annual,From 16 to 29 years,Total,Percentage,Luxembourg,2021,2.3,b
ESTAT:ILC_MDSD11(1.0),04/12/24 23:00:00,Annual,From 16 to 29 years,Total,Percentage,Luxembourg,2022,0.6,b
ESTAT:ILC_MDSD11(1.0),04/12/24 23:00:00,Annual,From 16 to 29 years,Total,Percentage,Latvia,2015,12.1,
ESTAT:ILC_MDSD11(1.0),04/12/24 23:00:00,Annual,From 16 to 29 years,Total,Percentage,Latvia,2016,8.4,
ESTAT:ILC_MDSD11(1.0),04/12/24 23:00:00,Annual,From 16 to 29 years,Total,Percentage,Latvia,2017,8.0,
ESTAT:ILC_MDSD11(1.0),04/12/24 23:00:00,Annual,From 16 to 29 years,Total,Percentage,Latvia,2018,6.1,
ESTAT:ILC_MDSD11(1.0),04/12/24 23:00:00,Annual,From 16 to 29 years,Total,Percentage,Latvia,2019,4.5,
ESTAT:ILC_MDSD11(1.0),04/12/24 23:00:00,Annual,From 16 to 29 years,Total,Percentage,Latvia,2020,4.5,
ESTAT:ILC_MDSD11(1.0),04/12/24 23:00:00,Annual,From 16 to 29 years,Total,Percentage,Latvia,2021,3.4,
ESTAT:ILC_MDSD11(1.0),04/12/24 23:00:00,Annual,From 16 to 29 years,Total,Percentage,Latvia,2022,4.2,
ESTAT:ILC_MDSD11(1.0),04/12/24 23:00:00,Annual,From 16 to 29 years,Total,Percentage,Montenegro,2015,27.2,
ESTAT:ILC_MDSD11(1.0),04/12/24 23:00:00,Annual,From 16 to 29 years,Total,Percentage,Montenegro,2016,24.3,
ESTAT:ILC_MDSD11(1.0),04/12/24 23:00:00,Annual,From 16 to 29 years,Total,Percentage,Montenegro,2017,25.1,
ESTAT:ILC_MDSD11(1.0),04/12/24 23:00:00,Annual,From 16 to 29 years,Total,Percentage,Montenegro,2018,23.8,
ESTAT:ILC_MDSD11(1.0),04/12/24 23:00:00,Annual,From 16 to 29 years,Total,Percentage,Montenegro,2019,17.8,
ESTAT:ILC_MDSD11(1.0),04/12/24 23:00:00,Annual,From 16 to 29 years,Total,Percentage,Montenegro,2020,22.0,
ESTAT:ILC_MDSD11(1.0),04/12/24 23:00:00,Annual,From 16 to 29 years,Total,Percentage,Montenegro,2021,19.6,
ESTAT:ILC_MDSD11(1.0),04/12/24 23:00:00,Annual,From 16 to 29 years,Total,Percentage,Montenegro,2022,15.7,
ESTAT:ILC_MDSD11(1.0),04/12/24 23:00:00,Annual,From 16 to 29 years,Total,Percentage,North Macedonia,2015,21.3,
ESTAT:ILC_MDSD11(1.0),04/12/24 23:00:00,Annual,From 16 to 29 years,Total,Percentage,North Macedonia,2016,21.6,
ESTAT:ILC_MDSD11(1.0),04/12/24 23:00:00,Annual,From 16 to 29 years,Total,Percentage,North Macedonia,2017,18.7,
ESTAT:ILC_MDSD11(1.0),04/12/24 23:00:00,Annual,From 16 to 29 years,Total,Percentage,North Macedonia,2018,18.8,
ESTAT:ILC_MDSD11(1.0),04/12/24 23:00:00,Annual,From 16 to 29 years,Total,Percentage,North Macedonia,2019,18.7,
ESTAT:ILC_MDSD11(1.0),04/12/24 23:00:00,Annual,From 16 to 29 years,Total,Percentage,North Macedonia,2020,14.7,
ESTAT:ILC_MDSD11(1.0),04/12/24 23:00:00,Annual,From 16 to 29 years,Total,Percentage,Malta,2015,6.7,
ESTAT:ILC_MDSD11(1.0),04/12/24 23:00:00,Annual,From 16 to 29 years,Total,Percentage,Malta,2016,3.7,
ESTAT:ILC_MDSD11(1.0),04/12/24 23:00:00,Annual,From 16 to 29 years,Total,Percentage,Malta,2017,3.3,
ESTAT:ILC_MDSD11(1.0),04/12/24 23:00:00,Annual,From 16 to 29 years,Total,Percentage,Malta,2018,2.5,
ESTAT:ILC_MDSD11(1.0),04/12/24 23:00:00,Annual,From 16 to 29 years,Total,Percentage,Malta,2019,4.2,
ESTAT:ILC_MDSD11(1.0),04/12/24 23:00:00,Annual,From 16 to 29 years,Total,Percentage,Malta,2020,4.9,
ESTAT:ILC_MDSD11(1.0),04/12/24 23:00:00,Annual,From 16 to 29 years,Total,Percentage,Malta,2021,3.7,
ESTAT:ILC_MDSD11(1.0),04/12/24 23:00:00,Annual,From 16 to 29 years,Total,Percentage,Malta,2022,1.8,
ESTAT:ILC_MDSD11(1.0),04/12/24 23:00:00,Annual,From 16 to 29 years,Total,Percentage,Netherlands,2015,2.4,
ESTAT:ILC_MDSD11(1.0),04/12/24 23:00:00,Annual,From 16 to 29 years,Total,Percentage,Netherlands,2016,1.7,
ESTAT:ILC_MDSD11(1.0),04/12/24 23:00:00,Annual,From 16 to 29 years,Total,Percentage,Netherlands,2017,2.0,
ESTAT:ILC_MDSD11(1.0),04/12/24 23:00:00,Annual,From 16 to 29 years,Total,Percentage,Netherlands,2018,2.1,
ESTAT:ILC_MDSD11(1.0),04/12/24 23:00:00,Annual,From 16 to 29 years,Total,Percentage,Netherlands,2019,2.2,
ESTAT:ILC_MDSD11(1.0),04/12/24 23:00:00,Annual,From 16 to 29 years,Total,Percentage,Netherlands,2020,2.0,
ESTAT:ILC_MDSD11(1.0),04/12/24 23:00:00,Annual,From 16 to 29 years,Total,Percentage,Netherlands,2021,1.6,
ESTAT:ILC_MDSD11(1.0),04/12/24 23:00:00,Annual,From 16 to 29 years,Total,Percentage,Netherlands,2022,2.1,
ESTAT:ILC_MDSD11(1.0),04/12/24 23:00:00,Annual,From 16 to 29 years,Total,Percentage,Norway,2015,1.9,
ESTAT:ILC_MDSD11(1.0),04/12/24 23:00:00,Annual,From 16 to 29 years,Total,Percentage,Norway,2017,3.3,
ESTAT:ILC_MDSD11(1.0),04/12/24 23:00:00,Annual,From 16 to 29 years,Total,Percentage,Norway,2018,2.0,
ESTAT:ILC_MDSD11(1.0),04/12/24 23:00:00,Annual,From 16 to 29 years,Total,Percentage,Norway,2019,2.4,
ESTAT:ILC_MDSD11(1.0),04/12/24 23:00:00,Annual,From 16 to 29 years,Total,Percentage,Norway,2020,2.3,
ESTAT:ILC_MDSD11(1.0),04/12/24 23:00:00,Annual,From 16 to 29 years,Total,Percentage,Norway,2021,1.6,b
ESTAT:ILC_MDSD11(1.0),04/12/24 23:00:00,Annual,From 16 to 29 years,Total,Percentage,Norway,2022,1.6,
ESTAT:ILC_MDSD11(1.0),04/12/24 23:00:00,Annual,From 16 to 29 years,Total,Percentage,Poland,2015,5.8,
ESTAT:ILC_MDSD11(1.0),04/12/24 23:00:00,Annual,From 16 to 29 years,Total,Percentage,Poland,2016,4.0,
ESTAT:ILC_MDSD11(1.0),04/12/24 23:00:00,Annual,From 16 to 29 years,Total,Percentage,Poland,2017,3.3,
ESTAT:ILC_MDSD11(1.0),04/12/24 23:00:00,Annual,From 16 to 29 years,Total,Percentage,Poland,2018,3.2,
ESTAT:ILC_MDSD11(1.0),04/12/24 23:00:00,Annual,From 16 to 29 years,Total,Percentage,Poland,2019,2.0,
ESTAT:ILC_MDSD11(1.0),04/12/24 23:00:00,Annual,From 16 to 29 years,Total,Percentage,Poland,2020,1.9,
ESTAT:ILC_MDSD11(1.0),04/12/24 23:00:00,Annual,From 16 to 29 years,Total,Percentage,Poland,2021,2.1,
ESTAT:ILC_MDSD11(1.0),04/12/24 23:00:00,Annual,From 16 to 29 years,Total,Percentage,Poland,2022,1.7,
ESTAT:ILC_MDSD11(1.0),04/12/24 23:00:00,Annual,From 16 to 29 years,Total,Percentage,Portugal,2015,9.0,
ESTAT:ILC_MDSD11(1.0),04/12/24 23:00:00,Annual,From 16 to 29 years,Total,Percentage,Portugal,2016,7.2,
ESTAT:ILC_MDSD11(1.0),04/12/24 23:00:00,Annual,From 16 to 29 years,Total,Percentage,Portugal,2017,6.7,
ESTAT:ILC_MDSD11(1.0),04/12/24 23:00:00,Annual,From 16 to 29 years,Total,Percentage,Portugal,2018,6.3,
ESTAT:ILC_MDSD11(1.0),04/12/24 23:00:00,Annual,From 16 to 29 years,Total,Percentage,Portugal,2019,4.0,
ESTAT:ILC_MDSD11(1.0),04/12/24 23:00:00,Annual,From 16 to 29 years,Total,Percentage,Portugal,2020,4.2,
ESTAT:ILC_MDSD11(1.0),04/12/24 23:00:00,Annual,From 16 to 29 years,Total,Percentage,Portugal,2021,4.3,
ESTAT:ILC_MDSD11(1.0),04/12/24 23:00:00,Annual,From 16 to 29 years,Total,Percentage,Portugal,2022,3.2,
ESTAT:ILC_MDSD11(1.0),04/12/24 23:00:00,Annual,From 16 to 29 years,Total,Percentage,Romania,2015,31.9,
ESTAT:ILC_MDSD11(1.0),04/12/24 23:00:00,Annual,From 16 to 29 years,Total,Percentage,Romania,2016,33.8,
ESTAT:ILC_MDSD11(1.0),04/12/24 23:00:00,Annual,From 16 to 29 years,Total,Percentage,Romania,2017,29.8,
ESTAT:ILC_MDSD11(1.0),04/12/24 23:00:00,Annual,From 16 to 29 years,Total,Percentage,Romania,2018,24.6,
ESTAT:ILC_MDSD11(1.0),04/12/24 23:00:00,Annual,From 16 to 29 years,Total,Percentage,Romania,2019,19.9,
ESTAT:ILC_MDSD11(1.0),04/12/24 23:00:00,Annual,From 16 to 29 years,Total,Percentage,Romania,2020,22.9,
ESTAT:ILC_MDSD11(1.0),04/12/24 23:00:00,Annual,From 16 to 29 years,Total,Percentage,Romania,2021,21.7,
ESTAT:ILC_MDSD11(1.0),04/12/24 23:00:00,Annual,From 16 to 29 years,Total,Percentage,Romania,2022,24.4,
ESTAT:ILC_MDSD11(1.0),04/12/24 23:00:00,Annual,From 16 to 29 years,Total,Percentage,Serbia,2015,16.9,
ESTAT:ILC_MDSD11(1.0),04/12/24 23:00:00,Annual,From 16 to 29 years,Total,Percentage,Serbia,2017,16.9,
ESTAT:ILC_MDSD11(1.0),04/12/24 23:00:00,Annual,From 16 to 29 years,Total,Percentage,Serbia,2018,10.9,
ESTAT:ILC_MDSD11(1.0),04/12/24 23:00:00,Annual,From 16 to 29 years,Total,Percentage,Serbia,2019,10.5,
ESTAT:ILC_MDSD11(1.0),04/12/24 23:00:00,Annual,From 16 to 29 years,Total,Percentage,Serbia,2020,10.0,
ESTAT:ILC_MDSD11(1.0),04/12/24 23:00:00,Annual,From 16 to 29 years,Total,Percentage,Serbia,2021,11.7,
ESTAT:ILC_MDSD11(1.0),04/12/24 23:00:00,Annual,From 16 to 29 years,Total,Percentage,Serbia,2022,10.2,
ESTAT:ILC_MDSD11(1.0),04/12/24 23:00:00,Annual,From 16 to 29 years,Total,Percentage,Sweden,2015,0.8,
ESTAT:ILC_MDSD11(1.0),04/12/24 23:00:00,Annual,From 16 to 29 years,Total,Percentage,Sweden,2016,0.9,
ESTAT:ILC_MDSD11(1.0),04/12/24 23:00:00,Annual,From 16 to 29 years,Total,Percentage,Sweden,2017,1.3,
ESTAT:ILC_MDSD11(1.0),04/12/24 23:00:00,Annual,From 16 to 29 years,Total,Percentage,Sweden,2018,1.9,
ESTAT:ILC_MDSD11(1.0),04/12/24 23:00:00,Annual,From 16 to 29 years,Total,Percentage,Sweden,2019,1.2,
ESTAT:ILC_MDSD11(1.0),04/12/24 23:00:00,Annual,From 16 to 29 years,Total,Percentage,Sweden,2020,2.0,
ESTAT:ILC_MDSD11(1.0),04/12/24 23:00:00,Annual,From 16 to 29 years,Total,Percentage,Sweden,2021,1.8,
ESTAT:ILC_MDSD11(1.0),04/12/24 23:00:00,Annual,From 16 to 29 years,Total,Percentage,Sweden,2022,2.8,
ESTAT:ILC_MDSD11(1.0),04/12/24 23:00:00,Annual,From 16 to 29 years,Total,Percentage,Slovenia,2015,3.9,
ESTAT:ILC_MDSD11(1.0),04/12/24 23:00:00,Annual,From 16 to 29 years,Total,Percentage,Slovenia,2016,3.7,
ESTAT:ILC_MDSD11(1.0),04/12/24 23:00:00,Annual,From 16 to 29 years,Total,Percentage,Slovenia,2017,2.7,
ESTAT:ILC_MDSD11(1.0),04/12/24 23:00:00,Annual,From 16 to 29 years,Total,Percentage,Slovenia,2018,1.8,
ESTAT:ILC_MDSD11(1.0),04/12/24 23:00:00,Annual,From 16 to 29 years,Total,Percentage,Slovenia,2019,0.8,
ESTAT:ILC_MDSD11(1.0),04/12/24 23:00:00,Annual,From 16 to 29 years,Total,Percentage,Slovenia,2020,1.7,
ESTAT:ILC_MDSD11(1.0),04/12/24 23:00:00,Annual,From 16 to 29 years,Total,Percentage,Slovenia,2021,1.2,
ESTAT:ILC_MDSD11(1.0),04/12/24 23:00:00,Annual,From 16 to 29 years,Total,Percentage,Slovenia,2022,0.5,
ESTAT:ILC_MDSD11(1.0),04/12/24 23:00:00,Annual,From 16 to 29 years,Total,Percentage,Slovakia,2015,7.1,
ESTAT:ILC_MDSD11(1.0),04/12/24 23:00:00,Annual,From 16 to 29 years,Total,Percentage,Slovakia,2016,6.9,
ESTAT:ILC_MDSD11(1.0),04/12/24 23:00:00,Annual,From 16 to 29 years,Total,Percentage,Slovakia,2017,5.0,
ESTAT:ILC_MDSD11(1.0),04/12/24 23:00:00,Annual,From 16 to 29 years,Total,Percentage,Slovakia,2018,4.9,
ESTAT:ILC_MDSD11(1.0),04/12/24 23:00:00,Annual,From 16 to 29 years,Total,Percentage,Slovakia,2019,5.9,
ESTAT:ILC_MDSD11(1.0),04/12/24 23:00:00,Annual,From 16 to 29 years,Total,Percentage,Slovakia,2020,4.4,
ESTAT:ILC_MDSD11(1.0),04/12/24 23:00:00,Annual,From 16 to 29 years,Total,Percentage,Slovakia,2021,5.9,
ESTAT:ILC_MDSD11(1.0),04/12/24 23:00:00,Annual,From 16 to 29 years,Total,Percentage,Slovakia,2022,5.9,
ESTAT:ILC_MDSD11(1.0),04/12/24 23:00:00,Annual,From 16 to 29 years,Total,Percentage,Türkiye,2017,13.9,
ESTAT:ILC_MDSD11(1.0),04/12/24 23:00:00,Annual,From 16 to 29 years,Total,Percentage,Türkiye,2018,14.1,
ESTAT:ILC_MDSD11(1.0),04/12/24 23:00:00,Annual,From 16 to 29 years,Total,Percentage,Türkiye,2019,14.4,
ESTAT:ILC_MDSD11(1.0),04/12/24 23:00:00,Annual,From 16 to 29 years,Total,Percentage,Türkiye,2020,16.5,
ESTAT:ILC_MDSD11(1.0),04/12/24 23:00:00,Annual,From 16 to 29 years,Total,Percentage,Türkiye,2021,17.1,
ESTAT:ILC_MDSD11(1.0),04/12/24 23:00:00,Annual,From 16 to 29 years,Total,Percentage,Türkiye,2022,14.0,
ESTAT:ILC_MDSD11(1.0),04/12/24 23:00:00,Annual,From 16 to 29 years,Total,Percentage,United Kingdom,2015,8.3,
ESTAT:ILC_MDSD11(1.0),04/12/24 23:00:00,Annual,From 16 to 29 years,Total,Percentage,United Kingdom,2016,8.2,
ESTAT:ILC_MDSD11(1.0),04/12/24 23:00:00,Annual,From 16 to 29 years,Total,Percentage,United Kingdom,2017,5.0,
ESTAT:ILC_MDSD11(1.0),04/12/24 23:00:00,Annual,From 16 to 29 years,Total,Percentage,United Kingdom,2018,5.2,
